"Handle","Title","Max Size","Body (HTML)","Vendor","Product Category","Type","Tags","Published","Option1 Name","Option1 Value","Option1 Linked To","Option2 Name","Option2 Value","Option2 Linked To","Option3 Name","Option3 Value","Option3 Linked To","Variant SKU","Variant Grams","Variant Inventory","Variant Inventory Policy","Variant Fulfillment Service","Variant Price","Variant Compare At Price","Variant Requires Shipping","Variant Taxable","Variant Barcode","Image Src","Image Position","Image Alt Text","Gift Card","Metafield: title_tag [string]","Metafield: description_tag [string]","Metafield: custom.colour [list.single_line_text_field]","Metafield: custom.mood [list.single_line_text_field]","Metafield: custom.style [list.single_line_text_field]","Metafield: custom.themes [list.single_line_text_field]","Metafield: custom.shape [list.single_line_text_field]","Metafield: custom.space [list.single_line_text_field]","Metafield: custom.artist_name [multi_line_text_field]","Metafield: custom.artwork_story [multi_line_text_field]","Metafield: custom.exclusivity [single_line_text_field]","Metafield: custom.artist [metaobject_reference]","Print Specification (product.metafields.custom.print_specification)","Variant Image","Variant Weight Unit","Status","Custom Collections","Template Suffix","Included / United Kingdom","Price / United Kingdom","Compare At Price / United Kingdom","Included / Europe USA & ROW","Price / Europe USA & ROW","Compare At Price / Europe USA & ROW","Included / Canada, AU & NZ","Price / Canada, AU & NZ","Compare At Price / Canada, AU & NZ"
"glitch-25915-hazy-delight-aaron-borchardt","Glitch 25.915 Hazy Delight - Aaron Borchardt","30"" x 40""","<p><strong>Glitch 25.915 Hazy Delight by Aaron Borchardt</strong></p><p>Immerse yourself in the dynamic abstraction of 'Glitch 25.915 Hazy Delight.' This mesmerising artwork by Aaron Borchardt captures the beauty of unpredictability through a stunning blend of vibrant colours. Vertical lines of pink, green, and orange merge seamlessly to create a sense of motion and depth, inviting the viewer into a contemplative state.</p><p>The piece exudes an energetic yet dreamy mood, making it a captivating focal point for any room. Borchardt's unique style transforms simple patterns into complex emotions, offering a glimpse into a world of whimsy and colour.</p><p>Printed on premium, archival-quality 200gsm paper using 12 rich pigment inks. This fine art print boasts exceptional longevity and vividness. Available for global shipping.</p><p>An ideal choice for those seeking a sophisticated and colourful addition to their modern interior, this artwork adds a dash of creativity and vibrance to any space.</p>","Aaron Borchardt","Home & Garden > Decor > Artwork > Posters, Prints, & Visual Artwork","Posters, Prints, & Visual Artwork","","FALSE","Size","12"" x 16""","","Frame","Unframed","","","","","","10","10","continue","manual","39.00","","true","true","","https://www.dropbox.com/scl/fi/kma71qohtgvtsxvmg0xev/1.-Black-Frame_-LowRes_Aaron-Borchardt_Glitch-25.915-Hazy-Delight_A-Ratio-Portrait-1-2.jpg?rlkey=kpt5yuhc7oyw6741dvn3qyfkd&raw=1","1","""Glitch 25.915 Hazy Delight"" by Aaron Borchardt in Black Frame, East Side Studio London fine art print mockup.","","Abstract Art Print - Glitch 25.915 Hazy Delight by Aaron Borchardt | East Side Studio London","Shop Glitch 25.915 Hazy Delight by Aaron Borchardt, an energetic art print of abstract lines in pink, green, and orange. Shop now at East Side Studio London.","[""Pink"",""Green"",""Orange""]","[""Energetic"",""Dreamy""]","[""Abstract"",""Contemporary""]","[""Fantasy"",""Nature""]","[""Portrait""]","[""Living Room"",""Kitchen"",""Office"",""Hallway"",""Bedroom"",""Dining Room"",""Bathroom""]","Aaron Borchardt","","Exclusive to East Side Studio London","artists.aaron-borchardt","","https://www.dropbox.com/scl/fi/s7tbyuvpgh5vs26adky0w/7.-Unframed-Print_-LowRes_Aaron-Borchardt_Glitch-25.915-Hazy-Delight_A-Ratio-Portrait-1-2.jpg?rlkey=5mmqpfcefj7v3e3vaupaezkbo&raw=1","g","draft","New Releases, All Prints","main-product-template","TRUE","","","TRUE","","","TRUE","",""
"glitch-25915-hazy-delight-aaron-borchardt","","","","","","","","","","12"" x 16""","","","Black Frame","","","","","","200","10","continue","manual","92.00","","true","true","","https://www.dropbox.com/scl/fi/f86cmjri4co7ix3p4z3h6/2.-White-Frame_-LowRes_Aaron-Borchardt_Glitch-25.915-Hazy-Delight_A-Ratio-Portrait-1-2.jpg?rlkey=58vlgigce83nmzdmfrqkwa77u&raw=1","2","""Glitch 25.915 Hazy Delight"" by Aaron Borchardt, presented in a white frame at East Side Studio London.","","","","","","","","","","","","","","","https://www.dropbox.com/scl/fi/kma71qohtgvtsxvmg0xev/1.-Black-Frame_-LowRes_Aaron-Borchardt_Glitch-25.915-Hazy-Delight_A-Ratio-Portrait-1-2.jpg?rlkey=kpt5yuhc7oyw6741dvn3qyfkd&raw=1","g","","","","TRUE","","","TRUE","","","TRUE","",""
"glitch-25915-hazy-delight-aaron-borchardt","","","","","","","","","","12"" x 16""","","","White Frame","","","","","","200","10","continue","manual","92.00","","true","true","","https://www.dropbox.com/scl/fi/q30h77u8ibt39ofb7k9k2/3.-Natural-Frame_-LowRes_Aaron-Borchardt_Glitch-25.915-Hazy-Delight_A-Ratio-Portrait-1-2.jpg?rlkey=qk95daiolpwbehmg5mzgapnyd&raw=1","3","""Glitch 25.915 Hazy Delight"" by Aaron Borchardt in a Natural Frame, product mockup from East Side Studio London.","","","","","","","","","","","","","","","https://www.dropbox.com/scl/fi/f86cmjri4co7ix3p4z3h6/2.-White-Frame_-LowRes_Aaron-Borchardt_Glitch-25.915-Hazy-Delight_A-Ratio-Portrait-1-2.jpg?rlkey=58vlgigce83nmzdmfrqkwa77u&raw=1","g","","","","TRUE","","","TRUE","","","TRUE","",""
"glitch-25915-hazy-delight-aaron-borchardt","","","","","","","","","","12"" x 16""","","","Natural Frame","","","","","","200","10","continue","manual","92.00","","true","true","","https://www.dropbox.com/scl/fi/11baepvnb7wtaumbp1mca/6.-Lifestyle-Image3_-LowRes_Aaron-Borchardt_Glitch-25.915-Hazy-Delight_A-Ratio-Portrait-1-2.jpg?rlkey=1u08c3622dp1g5bbod95wjnpl&raw=1","4","""Glitch 25.915 Hazy Delight"" by Aaron Borchardt in styled interior setting, lifestyle photo, East Side Studio London.","","","","","","","","","","","","","","","https://www.dropbox.com/scl/fi/q30h77u8ibt39ofb7k9k2/3.-Natural-Frame_-LowRes_Aaron-Borchardt_Glitch-25.915-Hazy-Delight_A-Ratio-Portrait-1-2.jpg?rlkey=qk95daiolpwbehmg5mzgapnyd&raw=1","g","","","","TRUE","","","TRUE","","","TRUE","",""
"glitch-25915-hazy-delight-aaron-borchardt","","","","","","","","","","12"" x 18""","","","Unframed","","","","","","10","10","continue","manual","39.00","","true","true","","https://www.dropbox.com/scl/fi/mbiifp0sptmo7zj7loevh/5.-Lifestyle-Image2_-LowRes_Aaron-Borchardt_Glitch-25.915-Hazy-Delight_A-Ratio-Portrait-1-2.jpg?rlkey=1wt0ptvxozwwezzq1wjswvyp2&raw=1","5","""Glitch 25.915 Hazy Delight"" by Aaron Borchardt in styled interior, East Side Studio London, fine art lifestyle setting.","","","","","","","","","","","","","","","https://www.dropbox.com/scl/fi/s7tbyuvpgh5vs26adky0w/7.-Unframed-Print_-LowRes_Aaron-Borchardt_Glitch-25.915-Hazy-Delight_A-Ratio-Portrait-1-2.jpg?rlkey=5mmqpfcefj7v3e3vaupaezkbo&raw=1","g","","","","TRUE","","","TRUE","","","TRUE","",""
"glitch-25915-hazy-delight-aaron-borchardt","","","","","","","","","","12"" x 18""","","","Black Frame","","","","","","200","10","continue","manual","95.00","","true","true","","https://www.dropbox.com/scl/fi/xyfh2fcpobwikxfbytl31/4.-Lifestyle-Image1_-LowRes_Aaron-Borchardt_Glitch-25.915-Hazy-Delight_A-Ratio-Portrait-1-2.jpg?rlkey=5g5yubmp50sjcmd2529fk9ill&raw=1","6","""Glitch 25.915 Hazy Delight by Aaron Borchardt in a styled interior at East Side Studio London""","","","","","","","","","","","","","","","https://www.dropbox.com/scl/fi/kma71qohtgvtsxvmg0xev/1.-Black-Frame_-LowRes_Aaron-Borchardt_Glitch-25.915-Hazy-Delight_A-Ratio-Portrait-1-2.jpg?rlkey=kpt5yuhc7oyw6741dvn3qyfkd&raw=1","g","","","","TRUE","","","TRUE","","","TRUE","",""
"glitch-25915-hazy-delight-aaron-borchardt","","","","","","","","","","12"" x 18""","","","White Frame","","","","","","200","10","continue","manual","95.00","","true","true","","https://www.dropbox.com/scl/fi/s7tbyuvpgh5vs26adky0w/7.-Unframed-Print_-LowRes_Aaron-Borchardt_Glitch-25.915-Hazy-Delight_A-Ratio-Portrait-1-2.jpg?rlkey=5mmqpfcefj7v3e3vaupaezkbo&raw=1","7","""Glitch 25.915 Hazy Delight by Aaron Borchardt, unframed art print mockup at East Side Studio London gallery.""","","","","","","","","","","","","","","","https://www.dropbox.com/scl/fi/f86cmjri4co7ix3p4z3h6/2.-White-Frame_-LowRes_Aaron-Borchardt_Glitch-25.915-Hazy-Delight_A-Ratio-Portrait-1-2.jpg?rlkey=58vlgigce83nmzdmfrqkwa77u&raw=1","g","","","","TRUE","","","TRUE","","","TRUE","",""
"glitch-25915-hazy-delight-aaron-borchardt","","","","","","","","","","12"" x 18""","","","Natural Frame","","","","","","200","10","continue","manual","95.00","","true","true","","","","","","","","","","","","","","","","","","","https://www.dropbox.com/scl/fi/q30h77u8ibt39ofb7k9k2/3.-Natural-Frame_-LowRes_Aaron-Borchardt_Glitch-25.915-Hazy-Delight_A-Ratio-Portrait-1-2.jpg?rlkey=qk95daiolpwbehmg5mzgapnyd&raw=1","g","","","","TRUE","","","TRUE","","","TRUE","",""
"glitch-25915-hazy-delight-aaron-borchardt","","","","","","","","","","18"" x 24""","","","Unframed","","","","","","10","10","continue","manual","75.00","","true","true","","","","","","","","","","","","","","","","","","","https://www.dropbox.com/scl/fi/s7tbyuvpgh5vs26adky0w/7.-Unframed-Print_-LowRes_Aaron-Borchardt_Glitch-25.915-Hazy-Delight_A-Ratio-Portrait-1-2.jpg?rlkey=5mmqpfcefj7v3e3vaupaezkbo&raw=1","g","","","","TRUE","","","TRUE","","","TRUE","",""
"glitch-25915-hazy-delight-aaron-borchardt","","","","","","","","","","18"" x 24""","","","Black Frame","","","","","","200","10","continue","manual","165.00","","true","true","","","","","","","","","","","","","","","","","","","https://www.dropbox.com/scl/fi/kma71qohtgvtsxvmg0xev/1.-Black-Frame_-LowRes_Aaron-Borchardt_Glitch-25.915-Hazy-Delight_A-Ratio-Portrait-1-2.jpg?rlkey=kpt5yuhc7oyw6741dvn3qyfkd&raw=1","g","","","","TRUE","","","TRUE","","","TRUE","",""
"glitch-25915-hazy-delight-aaron-borchardt","","","","","","","","","","18"" x 24""","","","White Frame","","","","","","200","10","continue","manual","165.00","","true","true","","","","","","","","","","","","","","","","","","","https://www.dropbox.com/scl/fi/f86cmjri4co7ix3p4z3h6/2.-White-Frame_-LowRes_Aaron-Borchardt_Glitch-25.915-Hazy-Delight_A-Ratio-Portrait-1-2.jpg?rlkey=58vlgigce83nmzdmfrqkwa77u&raw=1","g","","","","TRUE","","","TRUE","","","TRUE","",""
"glitch-25915-hazy-delight-aaron-borchardt","","","","","","","","","","18"" x 24""","","","Natural Frame","","","","","","200","10","continue","manual","165.00","","true","true","","","","","","","","","","","","","","","","","","","https://www.dropbox.com/scl/fi/q30h77u8ibt39ofb7k9k2/3.-Natural-Frame_-LowRes_Aaron-Borchardt_Glitch-25.915-Hazy-Delight_A-Ratio-Portrait-1-2.jpg?rlkey=qk95daiolpwbehmg5mzgapnyd&raw=1","g","","","","TRUE","","","TRUE","","","TRUE","",""
"glitch-25915-hazy-delight-aaron-borchardt","","","","","","","","","","20"" x 28""","","","Unframed","","","","","","10","10","continue","manual","80.00","","true","true","","","","","","","","","","","","","","","","","","","https://www.dropbox.com/scl/fi/s7tbyuvpgh5vs26adky0w/7.-Unframed-Print_-LowRes_Aaron-Borchardt_Glitch-25.915-Hazy-Delight_A-Ratio-Portrait-1-2.jpg?rlkey=5mmqpfcefj7v3e3vaupaezkbo&raw=1","g","","","","TRUE","","","TRUE","","","TRUE","",""
"glitch-25915-hazy-delight-aaron-borchardt","","","","","","","","","","20"" x 28""","","","Black Frame","","","","","","3000","10","continue","manual","175.00","","true","true","","","","","","","","","","","","","","","","","","","https://www.dropbox.com/scl/fi/kma71qohtgvtsxvmg0xev/1.-Black-Frame_-LowRes_Aaron-Borchardt_Glitch-25.915-Hazy-Delight_A-Ratio-Portrait-1-2.jpg?rlkey=kpt5yuhc7oyw6741dvn3qyfkd&raw=1","g","","","","TRUE","","","TRUE","","","TRUE","",""
"glitch-25915-hazy-delight-aaron-borchardt","","","","","","","","","","20"" x 28""","","","White Frame","","","","","","3000","10","continue","manual","175.00","","true","true","","","","","","","","","","","","","","","","","","","https://www.dropbox.com/scl/fi/f86cmjri4co7ix3p4z3h6/2.-White-Frame_-LowRes_Aaron-Borchardt_Glitch-25.915-Hazy-Delight_A-Ratio-Portrait-1-2.jpg?rlkey=58vlgigce83nmzdmfrqkwa77u&raw=1","g","","","","TRUE","","","TRUE","","","TRUE","",""
"glitch-25915-hazy-delight-aaron-borchardt","","","","","","","","","","20"" x 28""","","","Natural Frame","","","","","","3000","10","continue","manual","175.00","","true","true","","","","","","","","","","","","","","","","","","","https://www.dropbox.com/scl/fi/q30h77u8ibt39ofb7k9k2/3.-Natural-Frame_-LowRes_Aaron-Borchardt_Glitch-25.915-Hazy-Delight_A-Ratio-Portrait-1-2.jpg?rlkey=qk95daiolpwbehmg5mzgapnyd&raw=1","g","","","","TRUE","","","TRUE","","","TRUE","",""
"glitch-25915-hazy-delight-aaron-borchardt","","","","","","","","","","20"" x 30""","","","Unframed","","","","","","10","10","continue","manual","85.00","","true","true","","","","","","","","","","","","","","","","","","","https://www.dropbox.com/scl/fi/s7tbyuvpgh5vs26adky0w/7.-Unframed-Print_-LowRes_Aaron-Borchardt_Glitch-25.915-Hazy-Delight_A-Ratio-Portrait-1-2.jpg?rlkey=5mmqpfcefj7v3e3vaupaezkbo&raw=1","g","","","","TRUE","","","TRUE","","","TRUE","",""
"glitch-25915-hazy-delight-aaron-borchardt","","","","","","","","","","20"" x 30""","","","Black Frame","","","","","","3000","10","continue","manual","185.00","","true","true","","","","","","","","","","","","","","","","","","","https://www.dropbox.com/scl/fi/kma71qohtgvtsxvmg0xev/1.-Black-Frame_-LowRes_Aaron-Borchardt_Glitch-25.915-Hazy-Delight_A-Ratio-Portrait-1-2.jpg?rlkey=kpt5yuhc7oyw6741dvn3qyfkd&raw=1","g","","","","TRUE","","","TRUE","","","TRUE","",""
"glitch-25915-hazy-delight-aaron-borchardt","","","","","","","","","","20"" x 30""","","","White Frame","","","","","","3000","10","continue","manual","185.00","","true","true","","","","","","","","","","","","","","","","","","","https://www.dropbox.com/scl/fi/f86cmjri4co7ix3p4z3h6/2.-White-Frame_-LowRes_Aaron-Borchardt_Glitch-25.915-Hazy-Delight_A-Ratio-Portrait-1-2.jpg?rlkey=58vlgigce83nmzdmfrqkwa77u&raw=1","g","","","","TRUE","","","TRUE","","","TRUE","",""
"glitch-25915-hazy-delight-aaron-borchardt","","","","","","","","","","20"" x 30""","","","Natural Frame","","","","","","3000","10","continue","manual","185.00","","true","true","","","","","","","","","","","","","","","","","","","https://www.dropbox.com/scl/fi/q30h77u8ibt39ofb7k9k2/3.-Natural-Frame_-LowRes_Aaron-Borchardt_Glitch-25.915-Hazy-Delight_A-Ratio-Portrait-1-2.jpg?rlkey=qk95daiolpwbehmg5mzgapnyd&raw=1","g","","","","TRUE","","","TRUE","","","TRUE","",""
"glitch-25915-hazy-delight-aaron-borchardt","","","","","","","","","","24"" x 32""","","","Unframed","","","","","","10","10","continue","manual","95.00","","true","true","","","","","","","","","","","","","","","","","","","https://www.dropbox.com/scl/fi/s7tbyuvpgh5vs26adky0w/7.-Unframed-Print_-LowRes_Aaron-Borchardt_Glitch-25.915-Hazy-Delight_A-Ratio-Portrait-1-2.jpg?rlkey=5mmqpfcefj7v3e3vaupaezkbo&raw=1","g","","","","TRUE","","","TRUE","","","TRUE","",""
"glitch-25915-hazy-delight-aaron-borchardt","","","","","","","","","","24"" x 32""","","","Black Frame","","","","","","3000","10","continue","manual","220.00","","true","true","","","","","","","","","","","","","","","","","","","https://www.dropbox.com/scl/fi/kma71qohtgvtsxvmg0xev/1.-Black-Frame_-LowRes_Aaron-Borchardt_Glitch-25.915-Hazy-Delight_A-Ratio-Portrait-1-2.jpg?rlkey=kpt5yuhc7oyw6741dvn3qyfkd&raw=1","g","","","","TRUE","","","TRUE","","","TRUE","",""
"glitch-25915-hazy-delight-aaron-borchardt","","","","","","","","","","24"" x 32""","","","White Frame","","","","","","3000","10","continue","manual","220.00","","true","true","","","","","","","","","","","","","","","","","","","https://www.dropbox.com/scl/fi/f86cmjri4co7ix3p4z3h6/2.-White-Frame_-LowRes_Aaron-Borchardt_Glitch-25.915-Hazy-Delight_A-Ratio-Portrait-1-2.jpg?rlkey=58vlgigce83nmzdmfrqkwa77u&raw=1","g","","","","TRUE","","","TRUE","","","TRUE","",""
"glitch-25915-hazy-delight-aaron-borchardt","","","","","","","","","","24"" x 32""","","","Natural Frame","","","","","","3000","10","continue","manual","220.00","","true","true","","","","","","","","","","","","","","","","","","","https://www.dropbox.com/scl/fi/q30h77u8ibt39ofb7k9k2/3.-Natural-Frame_-LowRes_Aaron-Borchardt_Glitch-25.915-Hazy-Delight_A-Ratio-Portrait-1-2.jpg?rlkey=qk95daiolpwbehmg5mzgapnyd&raw=1","g","","","","TRUE","","","TRUE","","","TRUE","",""
"glitch-25915-hazy-delight-aaron-borchardt","","","","","","","","","","24"" x 36""","","","Unframed","","","","","","10","10","continue","manual","99.00","","true","true","","","","","","","","","","","","","","","","","","","https://www.dropbox.com/scl/fi/s7tbyuvpgh5vs26adky0w/7.-Unframed-Print_-LowRes_Aaron-Borchardt_Glitch-25.915-Hazy-Delight_A-Ratio-Portrait-1-2.jpg?rlkey=5mmqpfcefj7v3e3vaupaezkbo&raw=1","g","","","","TRUE","","","TRUE","","","TRUE","",""
"glitch-25915-hazy-delight-aaron-borchardt","","","","","","","","","","24"" x 36""","","","Black Frame","","","","","","3000","10","continue","manual","210.00","","true","true","","","","","","","","","","","","","","","","","","","https://www.dropbox.com/scl/fi/kma71qohtgvtsxvmg0xev/1.-Black-Frame_-LowRes_Aaron-Borchardt_Glitch-25.915-Hazy-Delight_A-Ratio-Portrait-1-2.jpg?rlkey=kpt5yuhc7oyw6741dvn3qyfkd&raw=1","g","","","","TRUE","","","TRUE","","","TRUE","",""
"glitch-25915-hazy-delight-aaron-borchardt","","","","","","","","","","24"" x 36""","","","White Frame","","","","","","3000","10","continue","manual","210.00","","true","true","","","","","","","","","","","","","","","","","","","https://www.dropbox.com/scl/fi/f86cmjri4co7ix3p4z3h6/2.-White-Frame_-LowRes_Aaron-Borchardt_Glitch-25.915-Hazy-Delight_A-Ratio-Portrait-1-2.jpg?rlkey=58vlgigce83nmzdmfrqkwa77u&raw=1","g","","","","TRUE","","","TRUE","","","TRUE","",""
"glitch-25915-hazy-delight-aaron-borchardt","","","","","","","","","","24"" x 36""","","","Natural Frame","","","","","","3000","10","continue","manual","210.00","","true","true","","","","","","","","","","","","","","","","","","","https://www.dropbox.com/scl/fi/q30h77u8ibt39ofb7k9k2/3.-Natural-Frame_-LowRes_Aaron-Borchardt_Glitch-25.915-Hazy-Delight_A-Ratio-Portrait-1-2.jpg?rlkey=qk95daiolpwbehmg5mzgapnyd&raw=1","g","","","","TRUE","","","TRUE","","","TRUE","",""
"glitch-25915-hazy-delight-aaron-borchardt","","","","","","","","","","28"" x 40""","","","Unframed","","","","","","10","10","continue","manual","135.00","","true","true","","","","","","","","","","","","","","","","","","","https://www.dropbox.com/scl/fi/s7tbyuvpgh5vs26adky0w/7.-Unframed-Print_-LowRes_Aaron-Borchardt_Glitch-25.915-Hazy-Delight_A-Ratio-Portrait-1-2.jpg?rlkey=5mmqpfcefj7v3e3vaupaezkbo&raw=1","g","","","","TRUE","","","TRUE","","","TRUE","",""
"glitch-25915-hazy-delight-aaron-borchardt","","","","","","","","","","28"" x 40""","","","Black Frame","","","","","","3000","10","continue","manual","280.00","","true","true","","","","","","","","","","","","","","","","","","","https://www.dropbox.com/scl/fi/kma71qohtgvtsxvmg0xev/1.-Black-Frame_-LowRes_Aaron-Borchardt_Glitch-25.915-Hazy-Delight_A-Ratio-Portrait-1-2.jpg?rlkey=kpt5yuhc7oyw6741dvn3qyfkd&raw=1","g","","","","TRUE","","","TRUE","","","TRUE","",""
"glitch-25915-hazy-delight-aaron-borchardt","","","","","","","","","","28"" x 40""","","","White Frame","","","","","","3000","10","continue","manual","280.00","","true","true","","","","","","","","","","","","","","","","","","","https://www.dropbox.com/scl/fi/f86cmjri4co7ix3p4z3h6/2.-White-Frame_-LowRes_Aaron-Borchardt_Glitch-25.915-Hazy-Delight_A-Ratio-Portrait-1-2.jpg?rlkey=58vlgigce83nmzdmfrqkwa77u&raw=1","g","","","","TRUE","","","TRUE","","","TRUE","",""
"glitch-25915-hazy-delight-aaron-borchardt","","","","","","","","","","28"" x 40""","","","Natural Frame","","","","","","3000","10","continue","manual","280.00","","true","true","","","","","","","","","","","","","","","","","","","https://www.dropbox.com/scl/fi/q30h77u8ibt39ofb7k9k2/3.-Natural-Frame_-LowRes_Aaron-Borchardt_Glitch-25.915-Hazy-Delight_A-Ratio-Portrait-1-2.jpg?rlkey=qk95daiolpwbehmg5mzgapnyd&raw=1","g","","","","TRUE","","","TRUE","","","TRUE","",""
"glitch-25915-hazy-delight-aaron-borchardt","","","","","","","","","","30"" x 40""","","","Unframed","","","","","","10","10","continue","manual","125.00","","true","true","","","","","","","","","","","","","","","","","","","https://www.dropbox.com/scl/fi/s7tbyuvpgh5vs26adky0w/7.-Unframed-Print_-LowRes_Aaron-Borchardt_Glitch-25.915-Hazy-Delight_A-Ratio-Portrait-1-2.jpg?rlkey=5mmqpfcefj7v3e3vaupaezkbo&raw=1","g","","","","TRUE","","","TRUE","","","TRUE","",""
"glitch-25915-hazy-delight-aaron-borchardt","","","","","","","","","","30"" x 40""","","","Black Frame","","","","","","3000","10","continue","manual","280.00","","true","true","","","","","","","","","","","","","","","","","","","https://www.dropbox.com/scl/fi/kma71qohtgvtsxvmg0xev/1.-Black-Frame_-LowRes_Aaron-Borchardt_Glitch-25.915-Hazy-Delight_A-Ratio-Portrait-1-2.jpg?rlkey=kpt5yuhc7oyw6741dvn3qyfkd&raw=1","g","","","","TRUE","","","TRUE","","","TRUE","",""
"glitch-25915-hazy-delight-aaron-borchardt","","","","","","","","","","30"" x 40""","","","White Frame","","","","","","3000","10","continue","manual","280.00","","true","true","","","","","","","","","","","","","","","","","","","https://www.dropbox.com/scl/fi/f86cmjri4co7ix3p4z3h6/2.-White-Frame_-LowRes_Aaron-Borchardt_Glitch-25.915-Hazy-Delight_A-Ratio-Portrait-1-2.jpg?rlkey=58vlgigce83nmzdmfrqkwa77u&raw=1","g","","","","TRUE","","","TRUE","","","TRUE","",""
"glitch-25915-hazy-delight-aaron-borchardt","","","","","","","","","","30"" x 40""","","","Natural Frame","","","","","","3000","10","continue","manual","280.00","","true","true","","","","","","","","","","","","","","","","","","","https://www.dropbox.com/scl/fi/q30h77u8ibt39ofb7k9k2/3.-Natural-Frame_-LowRes_Aaron-Borchardt_Glitch-25.915-Hazy-Delight_A-Ratio-Portrait-1-2.jpg?rlkey=qk95daiolpwbehmg5mzgapnyd&raw=1","g","","","","TRUE","","","TRUE","","","TRUE","",""
"glitch-25915-hazy-delight-aaron-borchardt","","","","","","","","","","A0 - 33.1"" x 46.8""","","","Unframed","","","","","","10","10","continue","manual","150.00","","true","true","","","","","","","","","","","","","","","","","","","https://www.dropbox.com/scl/fi/s7tbyuvpgh5vs26adky0w/7.-Unframed-Print_-LowRes_Aaron-Borchardt_Glitch-25.915-Hazy-Delight_A-Ratio-Portrait-1-2.jpg?rlkey=5mmqpfcefj7v3e3vaupaezkbo&raw=1","g","","","","TRUE","","","TRUE","","","TRUE","",""
"glitch-25915-hazy-delight-aaron-borchardt","","","","","","","","","","A0 - 33.1"" x 46.8""","","","Black Frame","","","","","","15000","10","continue","manual","310.00","","true","true","","","","","","","","","","","","","","","","","","","https://www.dropbox.com/scl/fi/kma71qohtgvtsxvmg0xev/1.-Black-Frame_-LowRes_Aaron-Borchardt_Glitch-25.915-Hazy-Delight_A-Ratio-Portrait-1-2.jpg?rlkey=kpt5yuhc7oyw6741dvn3qyfkd&raw=1","g","","","","TRUE","","","TRUE","","","TRUE","",""
"glitch-25915-hazy-delight-aaron-borchardt","","","","","","","","","","A0 - 33.1"" x 46.8""","","","White Frame","","","","","","15000","10","continue","manual","310.00","","true","true","","","","","","","","","","","","","","","","","","","https://www.dropbox.com/scl/fi/f86cmjri4co7ix3p4z3h6/2.-White-Frame_-LowRes_Aaron-Borchardt_Glitch-25.915-Hazy-Delight_A-Ratio-Portrait-1-2.jpg?rlkey=58vlgigce83nmzdmfrqkwa77u&raw=1","g","","","","TRUE","","","TRUE","","","TRUE","",""
"glitch-25915-hazy-delight-aaron-borchardt","","","","","","","","","","A0 - 33.1"" x 46.8""","","","Natural Frame","","","","","","15000","10","continue","manual","310.00","","true","true","","","","","","","","","","","","","","","","","","","https://www.dropbox.com/scl/fi/q30h77u8ibt39ofb7k9k2/3.-Natural-Frame_-LowRes_Aaron-Borchardt_Glitch-25.915-Hazy-Delight_A-Ratio-Portrait-1-2.jpg?rlkey=qk95daiolpwbehmg5mzgapnyd&raw=1","g","","","","TRUE","","","TRUE","","","TRUE","",""
"glitch-25915-hazy-delight-aaron-borchardt","","","","","","","","","","A1 - 23.4"" x 33.1""","","","Unframed","","","","","","10","10","continue","manual","99.00","","true","true","","","","","","","","","","","","","","","","","","","https://www.dropbox.com/scl/fi/s7tbyuvpgh5vs26adky0w/7.-Unframed-Print_-LowRes_Aaron-Borchardt_Glitch-25.915-Hazy-Delight_A-Ratio-Portrait-1-2.jpg?rlkey=5mmqpfcefj7v3e3vaupaezkbo&raw=1","g","","","","TRUE","","","TRUE","","","TRUE","",""
"glitch-25915-hazy-delight-aaron-borchardt","","","","","","","","","","A1 - 23.4"" x 33.1""","","","Black Frame","","","","","","3000","10","continue","manual","210.00","","true","true","","","","","","","","","","","","","","","","","","","https://www.dropbox.com/scl/fi/kma71qohtgvtsxvmg0xev/1.-Black-Frame_-LowRes_Aaron-Borchardt_Glitch-25.915-Hazy-Delight_A-Ratio-Portrait-1-2.jpg?rlkey=kpt5yuhc7oyw6741dvn3qyfkd&raw=1","g","","","","TRUE","","","TRUE","","","TRUE","",""
"glitch-25915-hazy-delight-aaron-borchardt","","","","","","","","","","A1 - 23.4"" x 33.1""","","","White Frame","","","","","","3000","10","continue","manual","210.00","","true","true","","","","","","","","","","","","","","","","","","","https://www.dropbox.com/scl/fi/f86cmjri4co7ix3p4z3h6/2.-White-Frame_-LowRes_Aaron-Borchardt_Glitch-25.915-Hazy-Delight_A-Ratio-Portrait-1-2.jpg?rlkey=58vlgigce83nmzdmfrqkwa77u&raw=1","g","","","","TRUE","","","TRUE","","","TRUE","",""
"glitch-25915-hazy-delight-aaron-borchardt","","","","","","","","","","A1 - 23.4"" x 33.1""","","","Natural Frame","","","","","","3000","10","continue","manual","210.00","","true","true","","","","","","","","","","","","","","","","","","","https://www.dropbox.com/scl/fi/q30h77u8ibt39ofb7k9k2/3.-Natural-Frame_-LowRes_Aaron-Borchardt_Glitch-25.915-Hazy-Delight_A-Ratio-Portrait-1-2.jpg?rlkey=qk95daiolpwbehmg5mzgapnyd&raw=1","g","","","","TRUE","","","TRUE","","","TRUE","",""
"glitch-25915-hazy-delight-aaron-borchardt","","","","","","","","","","A2 - 16.5"" x 23.4""","","","Unframed","","","","","","10","10","continue","manual","65.00","","true","true","","","","","","","","","","","","","","","","","","","https://www.dropbox.com/scl/fi/s7tbyuvpgh5vs26adky0w/7.-Unframed-Print_-LowRes_Aaron-Borchardt_Glitch-25.915-Hazy-Delight_A-Ratio-Portrait-1-2.jpg?rlkey=5mmqpfcefj7v3e3vaupaezkbo&raw=1","g","","","","TRUE","","","TRUE","","","TRUE","",""
"glitch-25915-hazy-delight-aaron-borchardt","","","","","","","","","","A2 - 16.5"" x 23.4""","","","Black Frame","","","","","","200","10","continue","manual","150.00","","true","true","","","","","","","","","","","","","","","","","","","https://www.dropbox.com/scl/fi/kma71qohtgvtsxvmg0xev/1.-Black-Frame_-LowRes_Aaron-Borchardt_Glitch-25.915-Hazy-Delight_A-Ratio-Portrait-1-2.jpg?rlkey=kpt5yuhc7oyw6741dvn3qyfkd&raw=1","g","","","","TRUE","","","TRUE","","","TRUE","",""
"glitch-25915-hazy-delight-aaron-borchardt","","","","","","","","","","A2 - 16.5"" x 23.4""","","","White Frame","","","","","","200","10","continue","manual","150.00","","true","true","","","","","","","","","","","","","","","","","","","https://www.dropbox.com/scl/fi/f86cmjri4co7ix3p4z3h6/2.-White-Frame_-LowRes_Aaron-Borchardt_Glitch-25.915-Hazy-Delight_A-Ratio-Portrait-1-2.jpg?rlkey=58vlgigce83nmzdmfrqkwa77u&raw=1","g","","","","TRUE","","","TRUE","","","TRUE","",""
"glitch-25915-hazy-delight-aaron-borchardt","","","","","","","","","","A2 - 16.5"" x 23.4""","","","Natural Frame","","","","","","200","10","continue","manual","150.00","","true","true","","","","","","","","","","","","","","","","","","","https://www.dropbox.com/scl/fi/q30h77u8ibt39ofb7k9k2/3.-Natural-Frame_-LowRes_Aaron-Borchardt_Glitch-25.915-Hazy-Delight_A-Ratio-Portrait-1-2.jpg?rlkey=qk95daiolpwbehmg5mzgapnyd&raw=1","g","","","","TRUE","","","TRUE","","","TRUE","",""
"glitch-25915-hazy-delight-aaron-borchardt","","","","","","","","","","A3 - 11.7"" x 16.5""","","","Unframed","","","","","","10","10","continue","manual","39.00","","true","true","","","","","","","","","","","","","","","","","","","https://www.dropbox.com/scl/fi/s7tbyuvpgh5vs26adky0w/7.-Unframed-Print_-LowRes_Aaron-Borchardt_Glitch-25.915-Hazy-Delight_A-Ratio-Portrait-1-2.jpg?rlkey=5mmqpfcefj7v3e3vaupaezkbo&raw=1","g","","","","TRUE","","","TRUE","","","TRUE","",""
"glitch-25915-hazy-delight-aaron-borchardt","","","","","","","","","","A3 - 11.7"" x 16.5""","","","Black Frame","","","","","","200","10","continue","manual","92.00","","true","true","","","","","","","","","","","","","","","","","","","https://www.dropbox.com/scl/fi/kma71qohtgvtsxvmg0xev/1.-Black-Frame_-LowRes_Aaron-Borchardt_Glitch-25.915-Hazy-Delight_A-Ratio-Portrait-1-2.jpg?rlkey=kpt5yuhc7oyw6741dvn3qyfkd&raw=1","g","","","","TRUE","","","TRUE","","","TRUE","",""
"glitch-25915-hazy-delight-aaron-borchardt","","","","","","","","","","A3 - 11.7"" x 16.5""","","","White Frame","","","","","","200","10","continue","manual","92.00","","true","true","","","","","","","","","","","","","","","","","","","https://www.dropbox.com/scl/fi/f86cmjri4co7ix3p4z3h6/2.-White-Frame_-LowRes_Aaron-Borchardt_Glitch-25.915-Hazy-Delight_A-Ratio-Portrait-1-2.jpg?rlkey=58vlgigce83nmzdmfrqkwa77u&raw=1","g","","","","TRUE","","","TRUE","","","TRUE","",""
"glitch-25915-hazy-delight-aaron-borchardt","","","","","","","","","","A3 - 11.7"" x 16.5""","","","Natural Frame","","","","","","200","10","continue","manual","92.00","","true","true","","","","","","","","","","","","","","","","","","","https://www.dropbox.com/scl/fi/q30h77u8ibt39ofb7k9k2/3.-Natural-Frame_-LowRes_Aaron-Borchardt_Glitch-25.915-Hazy-Delight_A-Ratio-Portrait-1-2.jpg?rlkey=qk95daiolpwbehmg5mzgapnyd&raw=1","g","","","","TRUE","","","TRUE","","","TRUE","",""
"glitch-25915-flwr002-aaron-borchardt","Glitch 25.915 Flwr.002 - Aaron Borchardt","A0","<p><strong>Glitch 25.915 Flwr.002 by Aaron Borchardt</strong></p>

<p>Immerse yourself in the dynamic layers of ""Glitch 25.915 Flwr.002,"" a stunning abstract composition by Aaron Borchardt. This piece features an intriguing interplay of vibrant and bold colours, including a rich mix of Green, Orange, and Pink. The digital distortion effects create a sense of movement and energy, making this artwork a standout piece that captures attention.</p>

<p>The mood is both <strong>Energetic</strong> and <strong>Dreamy</strong>, inviting viewers to explore the pixelated floral forms emerging from the textural chaos. This print embodies the essence of <strong>Contemporary</strong> and <strong>Abstract</strong> styles, offering a unique viewing experience that melds organic motifs with digital innovation.</p>

<p>Perfect for adding a touch of modern creativity to your space, this fine art print is produced on archival-quality, 200gsm paper using 12 pigment-rich inks. Global shipping is available, ensuring it can grace walls wherever inspiration is needed.</p>

<p>Whether displayed in a sleek office or as part of a colourful gallery wall, this piece is an excellent choice for art lovers who appreciate the fusion of nature and technology.</p>","Aaron Borchardt","Home & Garden > Decor > Artwork > Posters, Prints, & Visual Artwork","Posters, Prints, & Visual Artwork","","FALSE","Size","12"" x 16""","","Frame","Unframed","","","","","","10","10","continue","manual","39.00","","true","true","","https://www.dropbox.com/scl/fi/ll7f1pbvclb2bb21n2hv8/1.-Black-Frame_-LowRes_Aaron-Borchardt_Glitch-25.915-Flwr.002_A-Ratio-Portrait-1-2.jpg?rlkey=6x3227burrrbkc7jbxf7mzoas&raw=1","1","""Glitch 25.915 Flwr.002"" by Aaron Borchardt, artwork in Black Frame, East Side Studio London fine art print mockup.","","Abstract Art Print - Glitch 25.915 Flwr.002 by Aaron Borchardt | East Side Studio London","Shop Glitch 25.915 Flwr.002 by Aaron Borchardt, an Energetic art print of digital floral abstraction in Green, Orange, Pink. Shop now at East Side Studio London.","[""Green"",""Orange"",""Pink""]","[""Energetic"",""Dreamy""]","[""Abstract"",""Contemporary""]","[""Floral"",""Nature""]","[""Portrait""]","[""Living Room"",""Kitchen"",""Office"",""Hallway"",""Bedroom"",""Dining Room"",""Bathroom""]","Aaron Borchardt","","Exclusive to East Side Studio London","artists.aaron-borchardt","","https://www.dropbox.com/scl/fi/4vp0axqxzo7z8mii3biud/7.-Unframed-Print_-LowRes_Aaron-Borchardt_Glitch-25.915-Flwr.002_A-Ratio-Portrait-1-2.jpg?rlkey=7gju6c2gwp6k38g8tr7anv92f&raw=1","g","draft","New Releases, All Prints","main-product-template","TRUE","","","TRUE","","","TRUE","",""
"glitch-25915-flwr002-aaron-borchardt","","","","","","","","","","12"" x 16""","","","Black Frame","","","","","","200","10","continue","manual","92.00","","true","true","","https://www.dropbox.com/scl/fi/oj5bjzg14yrcwkarspfbg/2.-White-Frame_-LowRes_Aaron-Borchardt_Glitch-25.915-Flwr.002_A-Ratio-Portrait-1-2.jpg?rlkey=z9q53eu7y73y9zozriioxec6y&raw=1","2","""Glitch 25.915 Flwr.002"" by Aaron Borchardt in white frame, product mockup from East Side Studio London fine art gallery.","","","","","","","","","","","","","","","https://www.dropbox.com/scl/fi/ll7f1pbvclb2bb21n2hv8/1.-Black-Frame_-LowRes_Aaron-Borchardt_Glitch-25.915-Flwr.002_A-Ratio-Portrait-1-2.jpg?rlkey=6x3227burrrbkc7jbxf7mzoas&raw=1","g","","","","TRUE","","","TRUE","","","TRUE","",""
"glitch-25915-flwr002-aaron-borchardt","","","","","","","","","","12"" x 16""","","","White Frame","","","","","","200","10","continue","manual","92.00","","true","true","","https://www.dropbox.com/scl/fi/2vn03w9qt60joqbwdiasr/3.-Natural-Frame_-LowRes_Aaron-Borchardt_Glitch-25.915-Flwr.002_A-Ratio-Portrait-1-2.jpg?rlkey=ldxyz99hdohlywespfv43m2vu&raw=1","3","""Glitch 25.915 Flwr.002 by Aaron Borchardt in Natural Frame, East Side Studio London fine art print mockup.""","","","","","","","","","","","","","","","https://www.dropbox.com/scl/fi/oj5bjzg14yrcwkarspfbg/2.-White-Frame_-LowRes_Aaron-Borchardt_Glitch-25.915-Flwr.002_A-Ratio-Portrait-1-2.jpg?rlkey=z9q53eu7y73y9zozriioxec6y&raw=1","g","","","","TRUE","","","TRUE","","","TRUE","",""
"glitch-25915-flwr002-aaron-borchardt","","","","","","","","","","12"" x 16""","","","Natural Frame","","","","","","200","10","continue","manual","92.00","","true","true","","https://www.dropbox.com/scl/fi/z5ufoz0qjekhgs12vdgs8/6.-Lifestyle-Image3_-LowRes_Aaron-Borchardt_Glitch-25.915-Flwr.002_A-Ratio-Portrait-1-2.jpg?rlkey=siv4quyh7huap7hsnpzxq2uwl&raw=1","4","""Glitch 25.915 Flwr.002 by Aaron Borchardt in styled interior setting at East Side Studio London, fine art print gallery.""","","","","","","","","","","","","","","","https://www.dropbox.com/scl/fi/2vn03w9qt60joqbwdiasr/3.-Natural-Frame_-LowRes_Aaron-Borchardt_Glitch-25.915-Flwr.002_A-Ratio-Portrait-1-2.jpg?rlkey=ldxyz99hdohlywespfv43m2vu&raw=1","g","","","","TRUE","","","TRUE","","","TRUE","",""
"glitch-25915-flwr002-aaron-borchardt","","","","","","","","","","12"" x 18""","","","Unframed","","","","","","10","10","continue","manual","39.00","","true","true","","https://www.dropbox.com/scl/fi/uv5zx2jtdopjjrolleh9p/5.-Lifestyle-Image2_-LowRes_Aaron-Borchardt_Glitch-25.915-Flwr.002_A-Ratio-Portrait-1-2.jpg?rlkey=aybbrd6gmeo6by1mhi72ig3o1&raw=1","5","""Glitch 25.915 Flwr.002"" by Aaron Borchardt in a styled interior, lifestyle setting, framed fine art print at East Side St...","","","","","","","","","","","","","","","https://www.dropbox.com/scl/fi/4vp0axqxzo7z8mii3biud/7.-Unframed-Print_-LowRes_Aaron-Borchardt_Glitch-25.915-Flwr.002_A-Ratio-Portrait-1-2.jpg?rlkey=7gju6c2gwp6k38g8tr7anv92f&raw=1","g","","","","TRUE","","","TRUE","","","TRUE","",""
"glitch-25915-flwr002-aaron-borchardt","","","","","","","","","","12"" x 18""","","","Black Frame","","","","","","200","10","continue","manual","95.00","","true","true","","https://www.dropbox.com/scl/fi/gc1o6v0jgqxx306r0ajps/4.-Lifestyle-Image1_-LowRes_Aaron-Borchardt_Glitch-25.915-Flwr.002_A-Ratio-Portrait-1-2.jpg?rlkey=g0ljsf99qxzpeyxekt6du7ni8&raw=1","6","Styled interior with Aaron Borchardt's ""Glitch 25.915 Flwr.002,"" framed fine art print from East Side Studio London.","","","","","","","","","","","","","","","https://www.dropbox.com/scl/fi/ll7f1pbvclb2bb21n2hv8/1.-Black-Frame_-LowRes_Aaron-Borchardt_Glitch-25.915-Flwr.002_A-Ratio-Portrait-1-2.jpg?rlkey=6x3227burrrbkc7jbxf7mzoas&raw=1","g","","","","TRUE","","","TRUE","","","TRUE","",""
"glitch-25915-flwr002-aaron-borchardt","","","","","","","","","","12"" x 18""","","","White Frame","","","","","","200","10","continue","manual","95.00","","true","true","","https://www.dropbox.com/scl/fi/4vp0axqxzo7z8mii3biud/7.-Unframed-Print_-LowRes_Aaron-Borchardt_Glitch-25.915-Flwr.002_A-Ratio-Portrait-1-2.jpg?rlkey=7gju6c2gwp6k38g8tr7anv92f&raw=1","7","""Glitch 25.915 Flwr.002"" by Aaron Borchardt, unframed fine art print, product mockup on East Side Studio London.","","","","","","","","","","","","","","","https://www.dropbox.com/scl/fi/oj5bjzg14yrcwkarspfbg/2.-White-Frame_-LowRes_Aaron-Borchardt_Glitch-25.915-Flwr.002_A-Ratio-Portrait-1-2.jpg?rlkey=z9q53eu7y73y9zozriioxec6y&raw=1","g","","","","TRUE","","","TRUE","","","TRUE","",""
"glitch-25915-flwr002-aaron-borchardt","","","","","","","","","","12"" x 18""","","","Natural Frame","","","","","","200","10","continue","manual","95.00","","true","true","","","","","","","","","","","","","","","","","","","https://www.dropbox.com/scl/fi/2vn03w9qt60joqbwdiasr/3.-Natural-Frame_-LowRes_Aaron-Borchardt_Glitch-25.915-Flwr.002_A-Ratio-Portrait-1-2.jpg?rlkey=ldxyz99hdohlywespfv43m2vu&raw=1","g","","","","TRUE","","","TRUE","","","TRUE","",""
"glitch-25915-flwr002-aaron-borchardt","","","","","","","","","","18"" x 24""","","","Unframed","","","","","","10","10","continue","manual","75.00","","true","true","","","","","","","","","","","","","","","","","","","https://www.dropbox.com/scl/fi/4vp0axqxzo7z8mii3biud/7.-Unframed-Print_-LowRes_Aaron-Borchardt_Glitch-25.915-Flwr.002_A-Ratio-Portrait-1-2.jpg?rlkey=7gju6c2gwp6k38g8tr7anv92f&raw=1","g","","","","TRUE","","","TRUE","","","TRUE","",""
"glitch-25915-flwr002-aaron-borchardt","","","","","","","","","","18"" x 24""","","","Black Frame","","","","","","200","10","continue","manual","165.00","","true","true","","","","","","","","","","","","","","","","","","","https://www.dropbox.com/scl/fi/ll7f1pbvclb2bb21n2hv8/1.-Black-Frame_-LowRes_Aaron-Borchardt_Glitch-25.915-Flwr.002_A-Ratio-Portrait-1-2.jpg?rlkey=6x3227burrrbkc7jbxf7mzoas&raw=1","g","","","","TRUE","","","TRUE","","","TRUE","",""
"glitch-25915-flwr002-aaron-borchardt","","","","","","","","","","18"" x 24""","","","White Frame","","","","","","200","10","continue","manual","165.00","","true","true","","","","","","","","","","","","","","","","","","","https://www.dropbox.com/scl/fi/oj5bjzg14yrcwkarspfbg/2.-White-Frame_-LowRes_Aaron-Borchardt_Glitch-25.915-Flwr.002_A-Ratio-Portrait-1-2.jpg?rlkey=z9q53eu7y73y9zozriioxec6y&raw=1","g","","","","TRUE","","","TRUE","","","TRUE","",""
"glitch-25915-flwr002-aaron-borchardt","","","","","","","","","","18"" x 24""","","","Natural Frame","","","","","","200","10","continue","manual","165.00","","true","true","","","","","","","","","","","","","","","","","","","https://www.dropbox.com/scl/fi/2vn03w9qt60joqbwdiasr/3.-Natural-Frame_-LowRes_Aaron-Borchardt_Glitch-25.915-Flwr.002_A-Ratio-Portrait-1-2.jpg?rlkey=ldxyz99hdohlywespfv43m2vu&raw=1","g","","","","TRUE","","","TRUE","","","TRUE","",""
"glitch-25915-flwr002-aaron-borchardt","","","","","","","","","","20"" x 28""","","","Unframed","","","","","","10","10","continue","manual","80.00","","true","true","","","","","","","","","","","","","","","","","","","https://www.dropbox.com/scl/fi/4vp0axqxzo7z8mii3biud/7.-Unframed-Print_-LowRes_Aaron-Borchardt_Glitch-25.915-Flwr.002_A-Ratio-Portrait-1-2.jpg?rlkey=7gju6c2gwp6k38g8tr7anv92f&raw=1","g","","","","TRUE","","","TRUE","","","TRUE","",""
"glitch-25915-flwr002-aaron-borchardt","","","","","","","","","","20"" x 28""","","","Black Frame","","","","","","3000","10","continue","manual","175.00","","true","true","","","","","","","","","","","","","","","","","","","https://www.dropbox.com/scl/fi/ll7f1pbvclb2bb21n2hv8/1.-Black-Frame_-LowRes_Aaron-Borchardt_Glitch-25.915-Flwr.002_A-Ratio-Portrait-1-2.jpg?rlkey=6x3227burrrbkc7jbxf7mzoas&raw=1","g","","","","TRUE","","","TRUE","","","TRUE","",""
"glitch-25915-flwr002-aaron-borchardt","","","","","","","","","","20"" x 28""","","","White Frame","","","","","","3000","10","continue","manual","175.00","","true","true","","","","","","","","","","","","","","","","","","","https://www.dropbox.com/scl/fi/oj5bjzg14yrcwkarspfbg/2.-White-Frame_-LowRes_Aaron-Borchardt_Glitch-25.915-Flwr.002_A-Ratio-Portrait-1-2.jpg?rlkey=z9q53eu7y73y9zozriioxec6y&raw=1","g","","","","TRUE","","","TRUE","","","TRUE","",""
"glitch-25915-flwr002-aaron-borchardt","","","","","","","","","","20"" x 28""","","","Natural Frame","","","","","","3000","10","continue","manual","175.00","","true","true","","","","","","","","","","","","","","","","","","","https://www.dropbox.com/scl/fi/2vn03w9qt60joqbwdiasr/3.-Natural-Frame_-LowRes_Aaron-Borchardt_Glitch-25.915-Flwr.002_A-Ratio-Portrait-1-2.jpg?rlkey=ldxyz99hdohlywespfv43m2vu&raw=1","g","","","","TRUE","","","TRUE","","","TRUE","",""
"glitch-25915-flwr002-aaron-borchardt","","","","","","","","","","20"" x 30""","","","Unframed","","","","","","10","10","continue","manual","85.00","","true","true","","","","","","","","","","","","","","","","","","","https://www.dropbox.com/scl/fi/4vp0axqxzo7z8mii3biud/7.-Unframed-Print_-LowRes_Aaron-Borchardt_Glitch-25.915-Flwr.002_A-Ratio-Portrait-1-2.jpg?rlkey=7gju6c2gwp6k38g8tr7anv92f&raw=1","g","","","","TRUE","","","TRUE","","","TRUE","",""
"glitch-25915-flwr002-aaron-borchardt","","","","","","","","","","20"" x 30""","","","Black Frame","","","","","","3000","10","continue","manual","185.00","","true","true","","","","","","","","","","","","","","","","","","","https://www.dropbox.com/scl/fi/ll7f1pbvclb2bb21n2hv8/1.-Black-Frame_-LowRes_Aaron-Borchardt_Glitch-25.915-Flwr.002_A-Ratio-Portrait-1-2.jpg?rlkey=6x3227burrrbkc7jbxf7mzoas&raw=1","g","","","","TRUE","","","TRUE","","","TRUE","",""
"glitch-25915-flwr002-aaron-borchardt","","","","","","","","","","20"" x 30""","","","White Frame","","","","","","3000","10","continue","manual","185.00","","true","true","","","","","","","","","","","","","","","","","","","https://www.dropbox.com/scl/fi/oj5bjzg14yrcwkarspfbg/2.-White-Frame_-LowRes_Aaron-Borchardt_Glitch-25.915-Flwr.002_A-Ratio-Portrait-1-2.jpg?rlkey=z9q53eu7y73y9zozriioxec6y&raw=1","g","","","","TRUE","","","TRUE","","","TRUE","",""
"glitch-25915-flwr002-aaron-borchardt","","","","","","","","","","20"" x 30""","","","Natural Frame","","","","","","3000","10","continue","manual","185.00","","true","true","","","","","","","","","","","","","","","","","","","https://www.dropbox.com/scl/fi/2vn03w9qt60joqbwdiasr/3.-Natural-Frame_-LowRes_Aaron-Borchardt_Glitch-25.915-Flwr.002_A-Ratio-Portrait-1-2.jpg?rlkey=ldxyz99hdohlywespfv43m2vu&raw=1","g","","","","TRUE","","","TRUE","","","TRUE","",""
"glitch-25915-flwr002-aaron-borchardt","","","","","","","","","","24"" x 32""","","","Unframed","","","","","","10","10","continue","manual","95.00","","true","true","","","","","","","","","","","","","","","","","","","https://www.dropbox.com/scl/fi/4vp0axqxzo7z8mii3biud/7.-Unframed-Print_-LowRes_Aaron-Borchardt_Glitch-25.915-Flwr.002_A-Ratio-Portrait-1-2.jpg?rlkey=7gju6c2gwp6k38g8tr7anv92f&raw=1","g","","","","TRUE","","","TRUE","","","TRUE","",""
"glitch-25915-flwr002-aaron-borchardt","","","","","","","","","","24"" x 32""","","","Black Frame","","","","","","3000","10","continue","manual","220.00","","true","true","","","","","","","","","","","","","","","","","","","https://www.dropbox.com/scl/fi/ll7f1pbvclb2bb21n2hv8/1.-Black-Frame_-LowRes_Aaron-Borchardt_Glitch-25.915-Flwr.002_A-Ratio-Portrait-1-2.jpg?rlkey=6x3227burrrbkc7jbxf7mzoas&raw=1","g","","","","TRUE","","","TRUE","","","TRUE","",""
"glitch-25915-flwr002-aaron-borchardt","","","","","","","","","","24"" x 32""","","","White Frame","","","","","","3000","10","continue","manual","220.00","","true","true","","","","","","","","","","","","","","","","","","","https://www.dropbox.com/scl/fi/oj5bjzg14yrcwkarspfbg/2.-White-Frame_-LowRes_Aaron-Borchardt_Glitch-25.915-Flwr.002_A-Ratio-Portrait-1-2.jpg?rlkey=z9q53eu7y73y9zozriioxec6y&raw=1","g","","","","TRUE","","","TRUE","","","TRUE","",""
"glitch-25915-flwr002-aaron-borchardt","","","","","","","","","","24"" x 32""","","","Natural Frame","","","","","","3000","10","continue","manual","220.00","","true","true","","","","","","","","","","","","","","","","","","","https://www.dropbox.com/scl/fi/2vn03w9qt60joqbwdiasr/3.-Natural-Frame_-LowRes_Aaron-Borchardt_Glitch-25.915-Flwr.002_A-Ratio-Portrait-1-2.jpg?rlkey=ldxyz99hdohlywespfv43m2vu&raw=1","g","","","","TRUE","","","TRUE","","","TRUE","",""
"glitch-25915-flwr002-aaron-borchardt","","","","","","","","","","24"" x 36""","","","Unframed","","","","","","10","10","continue","manual","99.00","","true","true","","","","","","","","","","","","","","","","","","","https://www.dropbox.com/scl/fi/4vp0axqxzo7z8mii3biud/7.-Unframed-Print_-LowRes_Aaron-Borchardt_Glitch-25.915-Flwr.002_A-Ratio-Portrait-1-2.jpg?rlkey=7gju6c2gwp6k38g8tr7anv92f&raw=1","g","","","","TRUE","","","TRUE","","","TRUE","",""
"glitch-25915-flwr002-aaron-borchardt","","","","","","","","","","24"" x 36""","","","Black Frame","","","","","","3000","10","continue","manual","210.00","","true","true","","","","","","","","","","","","","","","","","","","https://www.dropbox.com/scl/fi/ll7f1pbvclb2bb21n2hv8/1.-Black-Frame_-LowRes_Aaron-Borchardt_Glitch-25.915-Flwr.002_A-Ratio-Portrait-1-2.jpg?rlkey=6x3227burrrbkc7jbxf7mzoas&raw=1","g","","","","TRUE","","","TRUE","","","TRUE","",""
"glitch-25915-flwr002-aaron-borchardt","","","","","","","","","","24"" x 36""","","","White Frame","","","","","","3000","10","continue","manual","210.00","","true","true","","","","","","","","","","","","","","","","","","","https://www.dropbox.com/scl/fi/oj5bjzg14yrcwkarspfbg/2.-White-Frame_-LowRes_Aaron-Borchardt_Glitch-25.915-Flwr.002_A-Ratio-Portrait-1-2.jpg?rlkey=z9q53eu7y73y9zozriioxec6y&raw=1","g","","","","TRUE","","","TRUE","","","TRUE","",""
"glitch-25915-flwr002-aaron-borchardt","","","","","","","","","","24"" x 36""","","","Natural Frame","","","","","","3000","10","continue","manual","210.00","","true","true","","","","","","","","","","","","","","","","","","","https://www.dropbox.com/scl/fi/2vn03w9qt60joqbwdiasr/3.-Natural-Frame_-LowRes_Aaron-Borchardt_Glitch-25.915-Flwr.002_A-Ratio-Portrait-1-2.jpg?rlkey=ldxyz99hdohlywespfv43m2vu&raw=1","g","","","","TRUE","","","TRUE","","","TRUE","",""
"glitch-25915-flwr002-aaron-borchardt","","","","","","","","","","28"" x 40""","","","Unframed","","","","","","10","10","continue","manual","135.00","","true","true","","","","","","","","","","","","","","","","","","","https://www.dropbox.com/scl/fi/4vp0axqxzo7z8mii3biud/7.-Unframed-Print_-LowRes_Aaron-Borchardt_Glitch-25.915-Flwr.002_A-Ratio-Portrait-1-2.jpg?rlkey=7gju6c2gwp6k38g8tr7anv92f&raw=1","g","","","","TRUE","","","TRUE","","","TRUE","",""
"glitch-25915-flwr002-aaron-borchardt","","","","","","","","","","28"" x 40""","","","Black Frame","","","","","","3000","10","continue","manual","280.00","","true","true","","","","","","","","","","","","","","","","","","","https://www.dropbox.com/scl/fi/ll7f1pbvclb2bb21n2hv8/1.-Black-Frame_-LowRes_Aaron-Borchardt_Glitch-25.915-Flwr.002_A-Ratio-Portrait-1-2.jpg?rlkey=6x3227burrrbkc7jbxf7mzoas&raw=1","g","","","","TRUE","","","TRUE","","","TRUE","",""
"glitch-25915-flwr002-aaron-borchardt","","","","","","","","","","28"" x 40""","","","White Frame","","","","","","3000","10","continue","manual","280.00","","true","true","","","","","","","","","","","","","","","","","","","https://www.dropbox.com/scl/fi/oj5bjzg14yrcwkarspfbg/2.-White-Frame_-LowRes_Aaron-Borchardt_Glitch-25.915-Flwr.002_A-Ratio-Portrait-1-2.jpg?rlkey=z9q53eu7y73y9zozriioxec6y&raw=1","g","","","","TRUE","","","TRUE","","","TRUE","",""
"glitch-25915-flwr002-aaron-borchardt","","","","","","","","","","28"" x 40""","","","Natural Frame","","","","","","3000","10","continue","manual","280.00","","true","true","","","","","","","","","","","","","","","","","","","https://www.dropbox.com/scl/fi/2vn03w9qt60joqbwdiasr/3.-Natural-Frame_-LowRes_Aaron-Borchardt_Glitch-25.915-Flwr.002_A-Ratio-Portrait-1-2.jpg?rlkey=ldxyz99hdohlywespfv43m2vu&raw=1","g","","","","TRUE","","","TRUE","","","TRUE","",""
"glitch-25915-flwr002-aaron-borchardt","","","","","","","","","","30"" x 40""","","","Unframed","","","","","","10","10","continue","manual","125.00","","true","true","","","","","","","","","","","","","","","","","","","https://www.dropbox.com/scl/fi/4vp0axqxzo7z8mii3biud/7.-Unframed-Print_-LowRes_Aaron-Borchardt_Glitch-25.915-Flwr.002_A-Ratio-Portrait-1-2.jpg?rlkey=7gju6c2gwp6k38g8tr7anv92f&raw=1","g","","","","TRUE","","","TRUE","","","TRUE","",""
"glitch-25915-flwr002-aaron-borchardt","","","","","","","","","","30"" x 40""","","","Black Frame","","","","","","3000","10","continue","manual","280.00","","true","true","","","","","","","","","","","","","","","","","","","https://www.dropbox.com/scl/fi/ll7f1pbvclb2bb21n2hv8/1.-Black-Frame_-LowRes_Aaron-Borchardt_Glitch-25.915-Flwr.002_A-Ratio-Portrait-1-2.jpg?rlkey=6x3227burrrbkc7jbxf7mzoas&raw=1","g","","","","TRUE","","","TRUE","","","TRUE","",""
"glitch-25915-flwr002-aaron-borchardt","","","","","","","","","","30"" x 40""","","","White Frame","","","","","","3000","10","continue","manual","280.00","","true","true","","","","","","","","","","","","","","","","","","","https://www.dropbox.com/scl/fi/oj5bjzg14yrcwkarspfbg/2.-White-Frame_-LowRes_Aaron-Borchardt_Glitch-25.915-Flwr.002_A-Ratio-Portrait-1-2.jpg?rlkey=z9q53eu7y73y9zozriioxec6y&raw=1","g","","","","TRUE","","","TRUE","","","TRUE","",""
"glitch-25915-flwr002-aaron-borchardt","","","","","","","","","","30"" x 40""","","","Natural Frame","","","","","","3000","10","continue","manual","280.00","","true","true","","","","","","","","","","","","","","","","","","","https://www.dropbox.com/scl/fi/2vn03w9qt60joqbwdiasr/3.-Natural-Frame_-LowRes_Aaron-Borchardt_Glitch-25.915-Flwr.002_A-Ratio-Portrait-1-2.jpg?rlkey=ldxyz99hdohlywespfv43m2vu&raw=1","g","","","","TRUE","","","TRUE","","","TRUE","",""
"glitch-25915-flwr002-aaron-borchardt","","","","","","","","","","A0 - 33.1"" x 46.8""","","","Unframed","","","","","","10","10","continue","manual","150.00","","true","true","","","","","","","","","","","","","","","","","","","https://www.dropbox.com/scl/fi/4vp0axqxzo7z8mii3biud/7.-Unframed-Print_-LowRes_Aaron-Borchardt_Glitch-25.915-Flwr.002_A-Ratio-Portrait-1-2.jpg?rlkey=7gju6c2gwp6k38g8tr7anv92f&raw=1","g","","","","TRUE","","","TRUE","","","TRUE","",""
"glitch-25915-flwr002-aaron-borchardt","","","","","","","","","","A0 - 33.1"" x 46.8""","","","Black Frame","","","","","","15000","10","continue","manual","310.00","","true","true","","","","","","","","","","","","","","","","","","","https://www.dropbox.com/scl/fi/ll7f1pbvclb2bb21n2hv8/1.-Black-Frame_-LowRes_Aaron-Borchardt_Glitch-25.915-Flwr.002_A-Ratio-Portrait-1-2.jpg?rlkey=6x3227burrrbkc7jbxf7mzoas&raw=1","g","","","","TRUE","","","TRUE","","","TRUE","",""
"glitch-25915-flwr002-aaron-borchardt","","","","","","","","","","A0 - 33.1"" x 46.8""","","","White Frame","","","","","","15000","10","continue","manual","310.00","","true","true","","","","","","","","","","","","","","","","","","","https://www.dropbox.com/scl/fi/oj5bjzg14yrcwkarspfbg/2.-White-Frame_-LowRes_Aaron-Borchardt_Glitch-25.915-Flwr.002_A-Ratio-Portrait-1-2.jpg?rlkey=z9q53eu7y73y9zozriioxec6y&raw=1","g","","","","TRUE","","","TRUE","","","TRUE","",""
"glitch-25915-flwr002-aaron-borchardt","","","","","","","","","","A0 - 33.1"" x 46.8""","","","Natural Frame","","","","","","15000","10","continue","manual","310.00","","true","true","","","","","","","","","","","","","","","","","","","https://www.dropbox.com/scl/fi/2vn03w9qt60joqbwdiasr/3.-Natural-Frame_-LowRes_Aaron-Borchardt_Glitch-25.915-Flwr.002_A-Ratio-Portrait-1-2.jpg?rlkey=ldxyz99hdohlywespfv43m2vu&raw=1","g","","","","TRUE","","","TRUE","","","TRUE","",""
"glitch-25915-flwr002-aaron-borchardt","","","","","","","","","","A1 - 23.4"" x 33.1""","","","Unframed","","","","","","10","10","continue","manual","99.00","","true","true","","","","","","","","","","","","","","","","","","","https://www.dropbox.com/scl/fi/4vp0axqxzo7z8mii3biud/7.-Unframed-Print_-LowRes_Aaron-Borchardt_Glitch-25.915-Flwr.002_A-Ratio-Portrait-1-2.jpg?rlkey=7gju6c2gwp6k38g8tr7anv92f&raw=1","g","","","","TRUE","","","TRUE","","","TRUE","",""
"glitch-25915-flwr002-aaron-borchardt","","","","","","","","","","A1 - 23.4"" x 33.1""","","","Black Frame","","","","","","3000","10","continue","manual","210.00","","true","true","","","","","","","","","","","","","","","","","","","https://www.dropbox.com/scl/fi/ll7f1pbvclb2bb21n2hv8/1.-Black-Frame_-LowRes_Aaron-Borchardt_Glitch-25.915-Flwr.002_A-Ratio-Portrait-1-2.jpg?rlkey=6x3227burrrbkc7jbxf7mzoas&raw=1","g","","","","TRUE","","","TRUE","","","TRUE","",""
"glitch-25915-flwr002-aaron-borchardt","","","","","","","","","","A1 - 23.4"" x 33.1""","","","White Frame","","","","","","3000","10","continue","manual","210.00","","true","true","","","","","","","","","","","","","","","","","","","https://www.dropbox.com/scl/fi/oj5bjzg14yrcwkarspfbg/2.-White-Frame_-LowRes_Aaron-Borchardt_Glitch-25.915-Flwr.002_A-Ratio-Portrait-1-2.jpg?rlkey=z9q53eu7y73y9zozriioxec6y&raw=1","g","","","","TRUE","","","TRUE","","","TRUE","",""
"glitch-25915-flwr002-aaron-borchardt","","","","","","","","","","A1 - 23.4"" x 33.1""","","","Natural Frame","","","","","","3000","10","continue","manual","210.00","","true","true","","","","","","","","","","","","","","","","","","","https://www.dropbox.com/scl/fi/2vn03w9qt60joqbwdiasr/3.-Natural-Frame_-LowRes_Aaron-Borchardt_Glitch-25.915-Flwr.002_A-Ratio-Portrait-1-2.jpg?rlkey=ldxyz99hdohlywespfv43m2vu&raw=1","g","","","","TRUE","","","TRUE","","","TRUE","",""
"glitch-25915-flwr002-aaron-borchardt","","","","","","","","","","A2 - 16.5"" x 23.4""","","","Unframed","","","","","","10","10","continue","manual","65.00","","true","true","","","","","","","","","","","","","","","","","","","https://www.dropbox.com/scl/fi/4vp0axqxzo7z8mii3biud/7.-Unframed-Print_-LowRes_Aaron-Borchardt_Glitch-25.915-Flwr.002_A-Ratio-Portrait-1-2.jpg?rlkey=7gju6c2gwp6k38g8tr7anv92f&raw=1","g","","","","TRUE","","","TRUE","","","TRUE","",""
"glitch-25915-flwr002-aaron-borchardt","","","","","","","","","","A2 - 16.5"" x 23.4""","","","Black Frame","","","","","","200","10","continue","manual","150.00","","true","true","","","","","","","","","","","","","","","","","","","https://www.dropbox.com/scl/fi/ll7f1pbvclb2bb21n2hv8/1.-Black-Frame_-LowRes_Aaron-Borchardt_Glitch-25.915-Flwr.002_A-Ratio-Portrait-1-2.jpg?rlkey=6x3227burrrbkc7jbxf7mzoas&raw=1","g","","","","TRUE","","","TRUE","","","TRUE","",""
"glitch-25915-flwr002-aaron-borchardt","","","","","","","","","","A2 - 16.5"" x 23.4""","","","White Frame","","","","","","200","10","continue","manual","150.00","","true","true","","","","","","","","","","","","","","","","","","","https://www.dropbox.com/scl/fi/oj5bjzg14yrcwkarspfbg/2.-White-Frame_-LowRes_Aaron-Borchardt_Glitch-25.915-Flwr.002_A-Ratio-Portrait-1-2.jpg?rlkey=z9q53eu7y73y9zozriioxec6y&raw=1","g","","","","TRUE","","","TRUE","","","TRUE","",""
"glitch-25915-flwr002-aaron-borchardt","","","","","","","","","","A2 - 16.5"" x 23.4""","","","Natural Frame","","","","","","200","10","continue","manual","150.00","","true","true","","","","","","","","","","","","","","","","","","","https://www.dropbox.com/scl/fi/2vn03w9qt60joqbwdiasr/3.-Natural-Frame_-LowRes_Aaron-Borchardt_Glitch-25.915-Flwr.002_A-Ratio-Portrait-1-2.jpg?rlkey=ldxyz99hdohlywespfv43m2vu&raw=1","g","","","","TRUE","","","TRUE","","","TRUE","",""
"glitch-25915-flwr002-aaron-borchardt","","","","","","","","","","A3 - 11.7"" x 16.5""","","","Unframed","","","","","","10","10","continue","manual","39.00","","true","true","","","","","","","","","","","","","","","","","","","https://www.dropbox.com/scl/fi/4vp0axqxzo7z8mii3biud/7.-Unframed-Print_-LowRes_Aaron-Borchardt_Glitch-25.915-Flwr.002_A-Ratio-Portrait-1-2.jpg?rlkey=7gju6c2gwp6k38g8tr7anv92f&raw=1","g","","","","TRUE","","","TRUE","","","TRUE","",""
"glitch-25915-flwr002-aaron-borchardt","","","","","","","","","","A3 - 11.7"" x 16.5""","","","Black Frame","","","","","","200","10","continue","manual","92.00","","true","true","","","","","","","","","","","","","","","","","","","https://www.dropbox.com/scl/fi/ll7f1pbvclb2bb21n2hv8/1.-Black-Frame_-LowRes_Aaron-Borchardt_Glitch-25.915-Flwr.002_A-Ratio-Portrait-1-2.jpg?rlkey=6x3227burrrbkc7jbxf7mzoas&raw=1","g","","","","TRUE","","","TRUE","","","TRUE","",""
"glitch-25915-flwr002-aaron-borchardt","","","","","","","","","","A3 - 11.7"" x 16.5""","","","White Frame","","","","","","200","10","continue","manual","92.00","","true","true","","","","","","","","","","","","","","","","","","","https://www.dropbox.com/scl/fi/oj5bjzg14yrcwkarspfbg/2.-White-Frame_-LowRes_Aaron-Borchardt_Glitch-25.915-Flwr.002_A-Ratio-Portrait-1-2.jpg?rlkey=z9q53eu7y73y9zozriioxec6y&raw=1","g","","","","TRUE","","","TRUE","","","TRUE","",""
"glitch-25915-flwr002-aaron-borchardt","","","","","","","","","","A3 - 11.7"" x 16.5""","","","Natural Frame","","","","","","200","10","continue","manual","92.00","","true","true","","","","","","","","","","","","","","","","","","","https://www.dropbox.com/scl/fi/2vn03w9qt60joqbwdiasr/3.-Natural-Frame_-LowRes_Aaron-Borchardt_Glitch-25.915-Flwr.002_A-Ratio-Portrait-1-2.jpg?rlkey=ldxyz99hdohlywespfv43m2vu&raw=1","g","","","","TRUE","","","TRUE","","","TRUE","",""
"glitch-25915-flwr001-aaron-borchardt","Glitch 25.915 Flwr.001 - Aaron Borchardt","A0","<p><strong>Glitch 25.915 Flwr.001 by Aaron Borchardt</strong></p><p>Dive into a realm where vibrant hues merge and flow, creating an arresting visual experience in 'Glitch 25.915 Flwr.001' by Aaron Borchardt. This artwork evokes a sense of dynamic energy and whimsical abstraction through a kaleidoscope of pinks, oranges, and earthy tones. The unique glitch effect lends a contemporary twist to the classic beauty of floral themes, making it a truly standout piece.</p><p>The piece is printed on archival-quality, 200gsm paper using 12 pigment-rich inks, ensuring vivid colours and long-lasting beauty. Perfect for adding a pop of colour and modern flair to any room, it serves as both a conversation starter and a testament to cutting-edge digital artistry.</p><p>Whether enhancing a minimalist living space or completing a stylish gallery wall, this print is a perfect fit for those who appreciate abstract art with a touch of floral allure.</p>","Aaron Borchardt","Home & Garden > Decor > Artwork > Posters, Prints, & Visual Artwork","Posters, Prints, & Visual Artwork","","FALSE","Size","12"" x 16""","","Frame","Unframed","","","","","","10","10","continue","manual","39.00","","true","true","","https://www.dropbox.com/scl/fi/pnj71gbshfen01eybefqa/1.-Black-Frame_-LowRes_Aaron-Borchardt_Glitch-25.915-Flwr.001_A-Ratio-Portrait-1-2.jpg?rlkey=rgsng2sl8o1dhrroldcbi940c&raw=1","1","""Glitch 25.915 Flwr.001"" by Aaron Borchardt in Black Frame, styled mockup at East Side Studio London.","","Abstract Art Print - Glitch 25.915 Flwr.001 by Aaron Borchardt | East Side Studio London","Shop Glitch 25.915 Flwr.001 by Aaron Borchardt, an energetic art print of abstract floral design in Pink, Orange, Earth Tone. Shop now at East Side Studio London.","[""Pink"",""Orange"",""Earth Tone""]","[""Energetic"",""Whimsical""]","[""Abstract"",""Contemporary"",""Graphic Design""]","[""Floral"",""Nature""]","[""Portrait""]","[""Living Room"",""Kitchen"",""Office"",""Hallway"",""Bedroom"",""Dining Room"",""Bathroom""]","Aaron Borchardt","","Exclusive to East Side Studio London","artists.aaron-borchardt","","https://www.dropbox.com/scl/fi/n9bg8tt0lf9ebztdc38in/7.-Unframed-Print_-LowRes_Aaron-Borchardt_Glitch-25.915-Flwr.001_A-Ratio-Portrait-1-2.jpg?rlkey=3k95volgzactw5prg3mlqleta&raw=1","g","draft","New Releases, All Prints","main-product-template","TRUE","","","TRUE","","","TRUE","",""
"glitch-25915-flwr001-aaron-borchardt","","","","","","","","","","12"" x 16""","","","Black Frame","","","","","","200","10","continue","manual","92.00","","true","true","","https://www.dropbox.com/scl/fi/60zrpxsespaihu4lgmgaf/2.-White-Frame_-LowRes_Aaron-Borchardt_Glitch-25.915-Flwr.001_A-Ratio-Portrait-1-2.jpg?rlkey=vw8a7kl698olmjatxpttv9s5z&raw=1","2","""Glitch 25.915 Flwr.001 by Aaron Borchardt, White Frame Mockup at East Side Studio London Fine Art Print Gallery""","","","","","","","","","","","","","","","https://www.dropbox.com/scl/fi/pnj71gbshfen01eybefqa/1.-Black-Frame_-LowRes_Aaron-Borchardt_Glitch-25.915-Flwr.001_A-Ratio-Portrait-1-2.jpg?rlkey=rgsng2sl8o1dhrroldcbi940c&raw=1","g","","","","TRUE","","","TRUE","","","TRUE","",""
"glitch-25915-flwr001-aaron-borchardt","","","","","","","","","","12"" x 16""","","","White Frame","","","","","","200","10","continue","manual","92.00","","true","true","","https://www.dropbox.com/scl/fi/yvooyp2wopxsjsp7tb8zy/3.-Natural-Frame_-LowRes_Aaron-Borchardt_Glitch-25.915-Flwr.001_A-Ratio-Portrait-1-2.jpg?rlkey=mpcbgrz5rkj6edi4sfzzckmb5&raw=1","3","""Glitch 25.915 Flwr.001"" by Aaron Borchardt in Natural Frame, East Side Studio London art print mockup.","","","","","","","","","","","","","","","https://www.dropbox.com/scl/fi/60zrpxsespaihu4lgmgaf/2.-White-Frame_-LowRes_Aaron-Borchardt_Glitch-25.915-Flwr.001_A-Ratio-Portrait-1-2.jpg?rlkey=vw8a7kl698olmjatxpttv9s5z&raw=1","g","","","","TRUE","","","TRUE","","","TRUE","",""
"glitch-25915-flwr001-aaron-borchardt","","","","","","","","","","12"" x 16""","","","Natural Frame","","","","","","200","10","continue","manual","92.00","","true","true","","https://www.dropbox.com/scl/fi/91quful98vhjmw995939x/6.-Lifestyle-Image3_-LowRes_Aaron-Borchardt_Glitch-25.915-Flwr.001_A-Ratio-Portrait-1-2.jpg?rlkey=qz9ulez5tsm52crk6fsztlz4o&raw=1","4","""Glitch 25.915 Flwr.001 by Aaron Borchardt in styled interior, East Side Studio London, fine art print, framed.""","","","","","","","","","","","","","","","https://www.dropbox.com/scl/fi/yvooyp2wopxsjsp7tb8zy/3.-Natural-Frame_-LowRes_Aaron-Borchardt_Glitch-25.915-Flwr.001_A-Ratio-Portrait-1-2.jpg?rlkey=mpcbgrz5rkj6edi4sfzzckmb5&raw=1","g","","","","TRUE","","","TRUE","","","TRUE","",""
"glitch-25915-flwr001-aaron-borchardt","","","","","","","","","","12"" x 18""","","","Unframed","","","","","","10","10","continue","manual","39.00","","true","true","","https://www.dropbox.com/scl/fi/l10pkc9bs7vzzf0yo2q72/5.-Lifestyle-Image2_-LowRes_Aaron-Borchardt_Glitch-25.915-Flwr.001_A-Ratio-Portrait-1-2.jpg?rlkey=iujvpjl567zwi3q0n03ak5sbj&raw=1","5","""Glitch 25.915 Flwr.001"" by Aaron Borchardt in styled interior setting at East Side Studio London.","","","","","","","","","","","","","","","https://www.dropbox.com/scl/fi/n9bg8tt0lf9ebztdc38in/7.-Unframed-Print_-LowRes_Aaron-Borchardt_Glitch-25.915-Flwr.001_A-Ratio-Portrait-1-2.jpg?rlkey=3k95volgzactw5prg3mlqleta&raw=1","g","","","","TRUE","","","TRUE","","","TRUE","",""
"glitch-25915-flwr001-aaron-borchardt","","","","","","","","","","12"" x 18""","","","Black Frame","","","","","","200","10","continue","manual","95.00","","true","true","","https://www.dropbox.com/scl/fi/blyvseatkp6cvnb9pj57s/4.-Lifestyle-Image1_-LowRes_Aaron-Borchardt_Glitch-25.915-Flwr.001_A-Ratio-Portrait-1-2.jpg?rlkey=l4lkqrg3bt8wuk51pwfbo80sy&raw=1","6","""Glitch 25.915 Flwr.001"" by Aaron Borchardt in styled interior, framed in black, at East Side Studio London.","","","","","","","","","","","","","","","https://www.dropbox.com/scl/fi/pnj71gbshfen01eybefqa/1.-Black-Frame_-LowRes_Aaron-Borchardt_Glitch-25.915-Flwr.001_A-Ratio-Portrait-1-2.jpg?rlkey=rgsng2sl8o1dhrroldcbi940c&raw=1","g","","","","TRUE","","","TRUE","","","TRUE","",""
"glitch-25915-flwr001-aaron-borchardt","","","","","","","","","","12"" x 18""","","","White Frame","","","","","","200","10","continue","manual","95.00","","true","true","","https://www.dropbox.com/scl/fi/n9bg8tt0lf9ebztdc38in/7.-Unframed-Print_-LowRes_Aaron-Borchardt_Glitch-25.915-Flwr.001_A-Ratio-Portrait-1-2.jpg?rlkey=3k95volgzactw5prg3mlqleta&raw=1","7","""Glitch 25.915 Flwr.001"" by Aaron Borchardt, unframed, East Side Studio London fine art print mockup.","","","","","","","","","","","","","","","https://www.dropbox.com/scl/fi/60zrpxsespaihu4lgmgaf/2.-White-Frame_-LowRes_Aaron-Borchardt_Glitch-25.915-Flwr.001_A-Ratio-Portrait-1-2.jpg?rlkey=vw8a7kl698olmjatxpttv9s5z&raw=1","g","","","","TRUE","","","TRUE","","","TRUE","",""
"glitch-25915-flwr001-aaron-borchardt","","","","","","","","","","12"" x 18""","","","Natural Frame","","","","","","200","10","continue","manual","95.00","","true","true","","","","","","","","","","","","","","","","","","","https://www.dropbox.com/scl/fi/yvooyp2wopxsjsp7tb8zy/3.-Natural-Frame_-LowRes_Aaron-Borchardt_Glitch-25.915-Flwr.001_A-Ratio-Portrait-1-2.jpg?rlkey=mpcbgrz5rkj6edi4sfzzckmb5&raw=1","g","","","","TRUE","","","TRUE","","","TRUE","",""
"glitch-25915-flwr001-aaron-borchardt","","","","","","","","","","18"" x 24""","","","Unframed","","","","","","10","10","continue","manual","75.00","","true","true","","","","","","","","","","","","","","","","","","","https://www.dropbox.com/scl/fi/n9bg8tt0lf9ebztdc38in/7.-Unframed-Print_-LowRes_Aaron-Borchardt_Glitch-25.915-Flwr.001_A-Ratio-Portrait-1-2.jpg?rlkey=3k95volgzactw5prg3mlqleta&raw=1","g","","","","TRUE","","","TRUE","","","TRUE","",""
"glitch-25915-flwr001-aaron-borchardt","","","","","","","","","","18"" x 24""","","","Black Frame","","","","","","200","10","continue","manual","165.00","","true","true","","","","","","","","","","","","","","","","","","","https://www.dropbox.com/scl/fi/pnj71gbshfen01eybefqa/1.-Black-Frame_-LowRes_Aaron-Borchardt_Glitch-25.915-Flwr.001_A-Ratio-Portrait-1-2.jpg?rlkey=rgsng2sl8o1dhrroldcbi940c&raw=1","g","","","","TRUE","","","TRUE","","","TRUE","",""
"glitch-25915-flwr001-aaron-borchardt","","","","","","","","","","18"" x 24""","","","White Frame","","","","","","200","10","continue","manual","165.00","","true","true","","","","","","","","","","","","","","","","","","","https://www.dropbox.com/scl/fi/60zrpxsespaihu4lgmgaf/2.-White-Frame_-LowRes_Aaron-Borchardt_Glitch-25.915-Flwr.001_A-Ratio-Portrait-1-2.jpg?rlkey=vw8a7kl698olmjatxpttv9s5z&raw=1","g","","","","TRUE","","","TRUE","","","TRUE","",""
"glitch-25915-flwr001-aaron-borchardt","","","","","","","","","","18"" x 24""","","","Natural Frame","","","","","","200","10","continue","manual","165.00","","true","true","","","","","","","","","","","","","","","","","","","https://www.dropbox.com/scl/fi/yvooyp2wopxsjsp7tb8zy/3.-Natural-Frame_-LowRes_Aaron-Borchardt_Glitch-25.915-Flwr.001_A-Ratio-Portrait-1-2.jpg?rlkey=mpcbgrz5rkj6edi4sfzzckmb5&raw=1","g","","","","TRUE","","","TRUE","","","TRUE","",""
"glitch-25915-flwr001-aaron-borchardt","","","","","","","","","","20"" x 28""","","","Unframed","","","","","","10","10","continue","manual","80.00","","true","true","","","","","","","","","","","","","","","","","","","https://www.dropbox.com/scl/fi/n9bg8tt0lf9ebztdc38in/7.-Unframed-Print_-LowRes_Aaron-Borchardt_Glitch-25.915-Flwr.001_A-Ratio-Portrait-1-2.jpg?rlkey=3k95volgzactw5prg3mlqleta&raw=1","g","","","","TRUE","","","TRUE","","","TRUE","",""
"glitch-25915-flwr001-aaron-borchardt","","","","","","","","","","20"" x 28""","","","Black Frame","","","","","","3000","10","continue","manual","175.00","","true","true","","","","","","","","","","","","","","","","","","","https://www.dropbox.com/scl/fi/pnj71gbshfen01eybefqa/1.-Black-Frame_-LowRes_Aaron-Borchardt_Glitch-25.915-Flwr.001_A-Ratio-Portrait-1-2.jpg?rlkey=rgsng2sl8o1dhrroldcbi940c&raw=1","g","","","","TRUE","","","TRUE","","","TRUE","",""
"glitch-25915-flwr001-aaron-borchardt","","","","","","","","","","20"" x 28""","","","White Frame","","","","","","3000","10","continue","manual","175.00","","true","true","","","","","","","","","","","","","","","","","","","https://www.dropbox.com/scl/fi/60zrpxsespaihu4lgmgaf/2.-White-Frame_-LowRes_Aaron-Borchardt_Glitch-25.915-Flwr.001_A-Ratio-Portrait-1-2.jpg?rlkey=vw8a7kl698olmjatxpttv9s5z&raw=1","g","","","","TRUE","","","TRUE","","","TRUE","",""
"glitch-25915-flwr001-aaron-borchardt","","","","","","","","","","20"" x 28""","","","Natural Frame","","","","","","3000","10","continue","manual","175.00","","true","true","","","","","","","","","","","","","","","","","","","https://www.dropbox.com/scl/fi/yvooyp2wopxsjsp7tb8zy/3.-Natural-Frame_-LowRes_Aaron-Borchardt_Glitch-25.915-Flwr.001_A-Ratio-Portrait-1-2.jpg?rlkey=mpcbgrz5rkj6edi4sfzzckmb5&raw=1","g","","","","TRUE","","","TRUE","","","TRUE","",""
"glitch-25915-flwr001-aaron-borchardt","","","","","","","","","","20"" x 30""","","","Unframed","","","","","","10","10","continue","manual","85.00","","true","true","","","","","","","","","","","","","","","","","","","https://www.dropbox.com/scl/fi/n9bg8tt0lf9ebztdc38in/7.-Unframed-Print_-LowRes_Aaron-Borchardt_Glitch-25.915-Flwr.001_A-Ratio-Portrait-1-2.jpg?rlkey=3k95volgzactw5prg3mlqleta&raw=1","g","","","","TRUE","","","TRUE","","","TRUE","",""
"glitch-25915-flwr001-aaron-borchardt","","","","","","","","","","20"" x 30""","","","Black Frame","","","","","","3000","10","continue","manual","185.00","","true","true","","","","","","","","","","","","","","","","","","","https://www.dropbox.com/scl/fi/pnj71gbshfen01eybefqa/1.-Black-Frame_-LowRes_Aaron-Borchardt_Glitch-25.915-Flwr.001_A-Ratio-Portrait-1-2.jpg?rlkey=rgsng2sl8o1dhrroldcbi940c&raw=1","g","","","","TRUE","","","TRUE","","","TRUE","",""
"glitch-25915-flwr001-aaron-borchardt","","","","","","","","","","20"" x 30""","","","White Frame","","","","","","3000","10","continue","manual","185.00","","true","true","","","","","","","","","","","","","","","","","","","https://www.dropbox.com/scl/fi/60zrpxsespaihu4lgmgaf/2.-White-Frame_-LowRes_Aaron-Borchardt_Glitch-25.915-Flwr.001_A-Ratio-Portrait-1-2.jpg?rlkey=vw8a7kl698olmjatxpttv9s5z&raw=1","g","","","","TRUE","","","TRUE","","","TRUE","",""
"glitch-25915-flwr001-aaron-borchardt","","","","","","","","","","20"" x 30""","","","Natural Frame","","","","","","3000","10","continue","manual","185.00","","true","true","","","","","","","","","","","","","","","","","","","https://www.dropbox.com/scl/fi/yvooyp2wopxsjsp7tb8zy/3.-Natural-Frame_-LowRes_Aaron-Borchardt_Glitch-25.915-Flwr.001_A-Ratio-Portrait-1-2.jpg?rlkey=mpcbgrz5rkj6edi4sfzzckmb5&raw=1","g","","","","TRUE","","","TRUE","","","TRUE","",""
"glitch-25915-flwr001-aaron-borchardt","","","","","","","","","","24"" x 32""","","","Unframed","","","","","","10","10","continue","manual","95.00","","true","true","","","","","","","","","","","","","","","","","","","https://www.dropbox.com/scl/fi/n9bg8tt0lf9ebztdc38in/7.-Unframed-Print_-LowRes_Aaron-Borchardt_Glitch-25.915-Flwr.001_A-Ratio-Portrait-1-2.jpg?rlkey=3k95volgzactw5prg3mlqleta&raw=1","g","","","","TRUE","","","TRUE","","","TRUE","",""
"glitch-25915-flwr001-aaron-borchardt","","","","","","","","","","24"" x 32""","","","Black Frame","","","","","","3000","10","continue","manual","220.00","","true","true","","","","","","","","","","","","","","","","","","","https://www.dropbox.com/scl/fi/pnj71gbshfen01eybefqa/1.-Black-Frame_-LowRes_Aaron-Borchardt_Glitch-25.915-Flwr.001_A-Ratio-Portrait-1-2.jpg?rlkey=rgsng2sl8o1dhrroldcbi940c&raw=1","g","","","","TRUE","","","TRUE","","","TRUE","",""
"glitch-25915-flwr001-aaron-borchardt","","","","","","","","","","24"" x 32""","","","White Frame","","","","","","3000","10","continue","manual","220.00","","true","true","","","","","","","","","","","","","","","","","","","https://www.dropbox.com/scl/fi/60zrpxsespaihu4lgmgaf/2.-White-Frame_-LowRes_Aaron-Borchardt_Glitch-25.915-Flwr.001_A-Ratio-Portrait-1-2.jpg?rlkey=vw8a7kl698olmjatxpttv9s5z&raw=1","g","","","","TRUE","","","TRUE","","","TRUE","",""
"glitch-25915-flwr001-aaron-borchardt","","","","","","","","","","24"" x 32""","","","Natural Frame","","","","","","3000","10","continue","manual","220.00","","true","true","","","","","","","","","","","","","","","","","","","https://www.dropbox.com/scl/fi/yvooyp2wopxsjsp7tb8zy/3.-Natural-Frame_-LowRes_Aaron-Borchardt_Glitch-25.915-Flwr.001_A-Ratio-Portrait-1-2.jpg?rlkey=mpcbgrz5rkj6edi4sfzzckmb5&raw=1","g","","","","TRUE","","","TRUE","","","TRUE","",""
"glitch-25915-flwr001-aaron-borchardt","","","","","","","","","","24"" x 36""","","","Unframed","","","","","","10","10","continue","manual","99.00","","true","true","","","","","","","","","","","","","","","","","","","https://www.dropbox.com/scl/fi/n9bg8tt0lf9ebztdc38in/7.-Unframed-Print_-LowRes_Aaron-Borchardt_Glitch-25.915-Flwr.001_A-Ratio-Portrait-1-2.jpg?rlkey=3k95volgzactw5prg3mlqleta&raw=1","g","","","","TRUE","","","TRUE","","","TRUE","",""
"glitch-25915-flwr001-aaron-borchardt","","","","","","","","","","24"" x 36""","","","Black Frame","","","","","","3000","10","continue","manual","210.00","","true","true","","","","","","","","","","","","","","","","","","","https://www.dropbox.com/scl/fi/pnj71gbshfen01eybefqa/1.-Black-Frame_-LowRes_Aaron-Borchardt_Glitch-25.915-Flwr.001_A-Ratio-Portrait-1-2.jpg?rlkey=rgsng2sl8o1dhrroldcbi940c&raw=1","g","","","","TRUE","","","TRUE","","","TRUE","",""
"glitch-25915-flwr001-aaron-borchardt","","","","","","","","","","24"" x 36""","","","White Frame","","","","","","3000","10","continue","manual","210.00","","true","true","","","","","","","","","","","","","","","","","","","https://www.dropbox.com/scl/fi/60zrpxsespaihu4lgmgaf/2.-White-Frame_-LowRes_Aaron-Borchardt_Glitch-25.915-Flwr.001_A-Ratio-Portrait-1-2.jpg?rlkey=vw8a7kl698olmjatxpttv9s5z&raw=1","g","","","","TRUE","","","TRUE","","","TRUE","",""
"glitch-25915-flwr001-aaron-borchardt","","","","","","","","","","24"" x 36""","","","Natural Frame","","","","","","3000","10","continue","manual","210.00","","true","true","","","","","","","","","","","","","","","","","","","https://www.dropbox.com/scl/fi/yvooyp2wopxsjsp7tb8zy/3.-Natural-Frame_-LowRes_Aaron-Borchardt_Glitch-25.915-Flwr.001_A-Ratio-Portrait-1-2.jpg?rlkey=mpcbgrz5rkj6edi4sfzzckmb5&raw=1","g","","","","TRUE","","","TRUE","","","TRUE","",""
"glitch-25915-flwr001-aaron-borchardt","","","","","","","","","","28"" x 40""","","","Unframed","","","","","","10","10","continue","manual","135.00","","true","true","","","","","","","","","","","","","","","","","","","https://www.dropbox.com/scl/fi/n9bg8tt0lf9ebztdc38in/7.-Unframed-Print_-LowRes_Aaron-Borchardt_Glitch-25.915-Flwr.001_A-Ratio-Portrait-1-2.jpg?rlkey=3k95volgzactw5prg3mlqleta&raw=1","g","","","","TRUE","","","TRUE","","","TRUE","",""
"glitch-25915-flwr001-aaron-borchardt","","","","","","","","","","28"" x 40""","","","Black Frame","","","","","","3000","10","continue","manual","280.00","","true","true","","","","","","","","","","","","","","","","","","","https://www.dropbox.com/scl/fi/pnj71gbshfen01eybefqa/1.-Black-Frame_-LowRes_Aaron-Borchardt_Glitch-25.915-Flwr.001_A-Ratio-Portrait-1-2.jpg?rlkey=rgsng2sl8o1dhrroldcbi940c&raw=1","g","","","","TRUE","","","TRUE","","","TRUE","",""
"glitch-25915-flwr001-aaron-borchardt","","","","","","","","","","28"" x 40""","","","White Frame","","","","","","3000","10","continue","manual","280.00","","true","true","","","","","","","","","","","","","","","","","","","https://www.dropbox.com/scl/fi/60zrpxsespaihu4lgmgaf/2.-White-Frame_-LowRes_Aaron-Borchardt_Glitch-25.915-Flwr.001_A-Ratio-Portrait-1-2.jpg?rlkey=vw8a7kl698olmjatxpttv9s5z&raw=1","g","","","","TRUE","","","TRUE","","","TRUE","",""
"glitch-25915-flwr001-aaron-borchardt","","","","","","","","","","28"" x 40""","","","Natural Frame","","","","","","3000","10","continue","manual","280.00","","true","true","","","","","","","","","","","","","","","","","","","https://www.dropbox.com/scl/fi/yvooyp2wopxsjsp7tb8zy/3.-Natural-Frame_-LowRes_Aaron-Borchardt_Glitch-25.915-Flwr.001_A-Ratio-Portrait-1-2.jpg?rlkey=mpcbgrz5rkj6edi4sfzzckmb5&raw=1","g","","","","TRUE","","","TRUE","","","TRUE","",""
"glitch-25915-flwr001-aaron-borchardt","","","","","","","","","","30"" x 40""","","","Unframed","","","","","","10","10","continue","manual","125.00","","true","true","","","","","","","","","","","","","","","","","","","https://www.dropbox.com/scl/fi/n9bg8tt0lf9ebztdc38in/7.-Unframed-Print_-LowRes_Aaron-Borchardt_Glitch-25.915-Flwr.001_A-Ratio-Portrait-1-2.jpg?rlkey=3k95volgzactw5prg3mlqleta&raw=1","g","","","","TRUE","","","TRUE","","","TRUE","",""
"glitch-25915-flwr001-aaron-borchardt","","","","","","","","","","30"" x 40""","","","Black Frame","","","","","","3000","10","continue","manual","280.00","","true","true","","","","","","","","","","","","","","","","","","","https://www.dropbox.com/scl/fi/pnj71gbshfen01eybefqa/1.-Black-Frame_-LowRes_Aaron-Borchardt_Glitch-25.915-Flwr.001_A-Ratio-Portrait-1-2.jpg?rlkey=rgsng2sl8o1dhrroldcbi940c&raw=1","g","","","","TRUE","","","TRUE","","","TRUE","",""
"glitch-25915-flwr001-aaron-borchardt","","","","","","","","","","30"" x 40""","","","White Frame","","","","","","3000","10","continue","manual","280.00","","true","true","","","","","","","","","","","","","","","","","","","https://www.dropbox.com/scl/fi/60zrpxsespaihu4lgmgaf/2.-White-Frame_-LowRes_Aaron-Borchardt_Glitch-25.915-Flwr.001_A-Ratio-Portrait-1-2.jpg?rlkey=vw8a7kl698olmjatxpttv9s5z&raw=1","g","","","","TRUE","","","TRUE","","","TRUE","",""
"glitch-25915-flwr001-aaron-borchardt","","","","","","","","","","30"" x 40""","","","Natural Frame","","","","","","3000","10","continue","manual","280.00","","true","true","","","","","","","","","","","","","","","","","","","https://www.dropbox.com/scl/fi/yvooyp2wopxsjsp7tb8zy/3.-Natural-Frame_-LowRes_Aaron-Borchardt_Glitch-25.915-Flwr.001_A-Ratio-Portrait-1-2.jpg?rlkey=mpcbgrz5rkj6edi4sfzzckmb5&raw=1","g","","","","TRUE","","","TRUE","","","TRUE","",""
"glitch-25915-flwr001-aaron-borchardt","","","","","","","","","","A0 - 33.1"" x 46.8""","","","Unframed","","","","","","10","10","continue","manual","150.00","","true","true","","","","","","","","","","","","","","","","","","","https://www.dropbox.com/scl/fi/n9bg8tt0lf9ebztdc38in/7.-Unframed-Print_-LowRes_Aaron-Borchardt_Glitch-25.915-Flwr.001_A-Ratio-Portrait-1-2.jpg?rlkey=3k95volgzactw5prg3mlqleta&raw=1","g","","","","TRUE","","","TRUE","","","TRUE","",""
"glitch-25915-flwr001-aaron-borchardt","","","","","","","","","","A0 - 33.1"" x 46.8""","","","Black Frame","","","","","","15000","10","continue","manual","310.00","","true","true","","","","","","","","","","","","","","","","","","","https://www.dropbox.com/scl/fi/pnj71gbshfen01eybefqa/1.-Black-Frame_-LowRes_Aaron-Borchardt_Glitch-25.915-Flwr.001_A-Ratio-Portrait-1-2.jpg?rlkey=rgsng2sl8o1dhrroldcbi940c&raw=1","g","","","","TRUE","","","TRUE","","","TRUE","",""
"glitch-25915-flwr001-aaron-borchardt","","","","","","","","","","A0 - 33.1"" x 46.8""","","","White Frame","","","","","","15000","10","continue","manual","310.00","","true","true","","","","","","","","","","","","","","","","","","","https://www.dropbox.com/scl/fi/60zrpxsespaihu4lgmgaf/2.-White-Frame_-LowRes_Aaron-Borchardt_Glitch-25.915-Flwr.001_A-Ratio-Portrait-1-2.jpg?rlkey=vw8a7kl698olmjatxpttv9s5z&raw=1","g","","","","TRUE","","","TRUE","","","TRUE","",""
"glitch-25915-flwr001-aaron-borchardt","","","","","","","","","","A0 - 33.1"" x 46.8""","","","Natural Frame","","","","","","15000","10","continue","manual","310.00","","true","true","","","","","","","","","","","","","","","","","","","https://www.dropbox.com/scl/fi/yvooyp2wopxsjsp7tb8zy/3.-Natural-Frame_-LowRes_Aaron-Borchardt_Glitch-25.915-Flwr.001_A-Ratio-Portrait-1-2.jpg?rlkey=mpcbgrz5rkj6edi4sfzzckmb5&raw=1","g","","","","TRUE","","","TRUE","","","TRUE","",""
"glitch-25915-flwr001-aaron-borchardt","","","","","","","","","","A1 - 23.4"" x 33.1""","","","Unframed","","","","","","10","10","continue","manual","99.00","","true","true","","","","","","","","","","","","","","","","","","","https://www.dropbox.com/scl/fi/n9bg8tt0lf9ebztdc38in/7.-Unframed-Print_-LowRes_Aaron-Borchardt_Glitch-25.915-Flwr.001_A-Ratio-Portrait-1-2.jpg?rlkey=3k95volgzactw5prg3mlqleta&raw=1","g","","","","TRUE","","","TRUE","","","TRUE","",""
"glitch-25915-flwr001-aaron-borchardt","","","","","","","","","","A1 - 23.4"" x 33.1""","","","Black Frame","","","","","","3000","10","continue","manual","210.00","","true","true","","","","","","","","","","","","","","","","","","","https://www.dropbox.com/scl/fi/pnj71gbshfen01eybefqa/1.-Black-Frame_-LowRes_Aaron-Borchardt_Glitch-25.915-Flwr.001_A-Ratio-Portrait-1-2.jpg?rlkey=rgsng2sl8o1dhrroldcbi940c&raw=1","g","","","","TRUE","","","TRUE","","","TRUE","",""
"glitch-25915-flwr001-aaron-borchardt","","","","","","","","","","A1 - 23.4"" x 33.1""","","","White Frame","","","","","","3000","10","continue","manual","210.00","","true","true","","","","","","","","","","","","","","","","","","","https://www.dropbox.com/scl/fi/60zrpxsespaihu4lgmgaf/2.-White-Frame_-LowRes_Aaron-Borchardt_Glitch-25.915-Flwr.001_A-Ratio-Portrait-1-2.jpg?rlkey=vw8a7kl698olmjatxpttv9s5z&raw=1","g","","","","TRUE","","","TRUE","","","TRUE","",""
"glitch-25915-flwr001-aaron-borchardt","","","","","","","","","","A1 - 23.4"" x 33.1""","","","Natural Frame","","","","","","3000","10","continue","manual","210.00","","true","true","","","","","","","","","","","","","","","","","","","https://www.dropbox.com/scl/fi/yvooyp2wopxsjsp7tb8zy/3.-Natural-Frame_-LowRes_Aaron-Borchardt_Glitch-25.915-Flwr.001_A-Ratio-Portrait-1-2.jpg?rlkey=mpcbgrz5rkj6edi4sfzzckmb5&raw=1","g","","","","TRUE","","","TRUE","","","TRUE","",""
"glitch-25915-flwr001-aaron-borchardt","","","","","","","","","","A2 - 16.5"" x 23.4""","","","Unframed","","","","","","10","10","continue","manual","65.00","","true","true","","","","","","","","","","","","","","","","","","","https://www.dropbox.com/scl/fi/n9bg8tt0lf9ebztdc38in/7.-Unframed-Print_-LowRes_Aaron-Borchardt_Glitch-25.915-Flwr.001_A-Ratio-Portrait-1-2.jpg?rlkey=3k95volgzactw5prg3mlqleta&raw=1","g","","","","TRUE","","","TRUE","","","TRUE","",""
"glitch-25915-flwr001-aaron-borchardt","","","","","","","","","","A2 - 16.5"" x 23.4""","","","Black Frame","","","","","","200","10","continue","manual","150.00","","true","true","","","","","","","","","","","","","","","","","","","https://www.dropbox.com/scl/fi/pnj71gbshfen01eybefqa/1.-Black-Frame_-LowRes_Aaron-Borchardt_Glitch-25.915-Flwr.001_A-Ratio-Portrait-1-2.jpg?rlkey=rgsng2sl8o1dhrroldcbi940c&raw=1","g","","","","TRUE","","","TRUE","","","TRUE","",""
"glitch-25915-flwr001-aaron-borchardt","","","","","","","","","","A2 - 16.5"" x 23.4""","","","White Frame","","","","","","200","10","continue","manual","150.00","","true","true","","","","","","","","","","","","","","","","","","","https://www.dropbox.com/scl/fi/60zrpxsespaihu4lgmgaf/2.-White-Frame_-LowRes_Aaron-Borchardt_Glitch-25.915-Flwr.001_A-Ratio-Portrait-1-2.jpg?rlkey=vw8a7kl698olmjatxpttv9s5z&raw=1","g","","","","TRUE","","","TRUE","","","TRUE","",""
"glitch-25915-flwr001-aaron-borchardt","","","","","","","","","","A2 - 16.5"" x 23.4""","","","Natural Frame","","","","","","200","10","continue","manual","150.00","","true","true","","","","","","","","","","","","","","","","","","","https://www.dropbox.com/scl/fi/yvooyp2wopxsjsp7tb8zy/3.-Natural-Frame_-LowRes_Aaron-Borchardt_Glitch-25.915-Flwr.001_A-Ratio-Portrait-1-2.jpg?rlkey=mpcbgrz5rkj6edi4sfzzckmb5&raw=1","g","","","","TRUE","","","TRUE","","","TRUE","",""
"glitch-25915-flwr001-aaron-borchardt","","","","","","","","","","A3 - 11.7"" x 16.5""","","","Unframed","","","","","","10","10","continue","manual","39.00","","true","true","","","","","","","","","","","","","","","","","","","https://www.dropbox.com/scl/fi/n9bg8tt0lf9ebztdc38in/7.-Unframed-Print_-LowRes_Aaron-Borchardt_Glitch-25.915-Flwr.001_A-Ratio-Portrait-1-2.jpg?rlkey=3k95volgzactw5prg3mlqleta&raw=1","g","","","","TRUE","","","TRUE","","","TRUE","",""
"glitch-25915-flwr001-aaron-borchardt","","","","","","","","","","A3 - 11.7"" x 16.5""","","","Black Frame","","","","","","200","10","continue","manual","92.00","","true","true","","","","","","","","","","","","","","","","","","","https://www.dropbox.com/scl/fi/pnj71gbshfen01eybefqa/1.-Black-Frame_-LowRes_Aaron-Borchardt_Glitch-25.915-Flwr.001_A-Ratio-Portrait-1-2.jpg?rlkey=rgsng2sl8o1dhrroldcbi940c&raw=1","g","","","","TRUE","","","TRUE","","","TRUE","",""
"glitch-25915-flwr001-aaron-borchardt","","","","","","","","","","A3 - 11.7"" x 16.5""","","","White Frame","","","","","","200","10","continue","manual","92.00","","true","true","","","","","","","","","","","","","","","","","","","https://www.dropbox.com/scl/fi/60zrpxsespaihu4lgmgaf/2.-White-Frame_-LowRes_Aaron-Borchardt_Glitch-25.915-Flwr.001_A-Ratio-Portrait-1-2.jpg?rlkey=vw8a7kl698olmjatxpttv9s5z&raw=1","g","","","","TRUE","","","TRUE","","","TRUE","",""
"glitch-25915-flwr001-aaron-borchardt","","","","","","","","","","A3 - 11.7"" x 16.5""","","","Natural Frame","","","","","","200","10","continue","manual","92.00","","true","true","","","","","","","","","","","","","","","","","","","https://www.dropbox.com/scl/fi/yvooyp2wopxsjsp7tb8zy/3.-Natural-Frame_-LowRes_Aaron-Borchardt_Glitch-25.915-Flwr.001_A-Ratio-Portrait-1-2.jpg?rlkey=mpcbgrz5rkj6edi4sfzzckmb5&raw=1","g","","","","TRUE","","","TRUE","","","TRUE","",""